BRCA immu,BRCA ferr,BRCA immu|BRCA curo,BRCA immu|BRCA ferr,BRCA immu|BRCA curo|BRCA ferr
CAVIN2,PGM5P3-AS1,VEGFD,CAV1,EGFR
MMP11,LINC02587,HIF3A,SCARA5,FGF2
CD300LG,ADAMTS9-AS1,FOXO1,HLF,FOXO4
ADAMTS5,MEG8,ANGPT4,AURKA,IL6
PAMR1,HOXC-AS3,AOC3,CDK1,CDKN2A
TMEM220,,LOXL4,LIFR,SLC25A37
MAMDC2,,ANGPT1,UHRF1,MYC
ARHGAP20,,HES6,IL33,STEAP1
SPRY2,,PIK3R1,HJURP,CP
COL10A1,,COA6,CXCL2,
LMOD1,,IGF1,CDCA3,
CA4,,AOC2,PLK1,
SCN4B,,PIK3C2G,MELK,
TSLP,,FOXO6,TRIM59,
CPA1,,PDE3B,EZH2,
NEK2,,HEY2,KL,
MME,,STEAP4,IGFBP6,
BTNL9,,LOXL1,KIF20A,
ITIH5,,SESN3,RRM2,
TNS1,,RYR1,ENPP2,
ITM2A,,IGF2,FOXM1,
COPG2IT1,,STEAP2,NTRK2,
FMO2,,HES2,GABARAPL1,
PDE2A,,,NUAK2,
FAM13A,,,KLF15,
NKAPL,,,CDO1,
PPP1R12B,,,TXNIP,
DMD,,,CD36,
TSHZ2,,,ANGPTL7,
ABCA10,,,MMP13,
MYOM1,,,EBF3,
PLPP3,,,PYCR1,
PKMYT1,,,PARP1,
LRRC2,,,PDK4,
JAM2,,,SNCA,
UBE2T,,,FABP4,
NIPSNAP3B,,,CENPA,
C1QTNF9,,,CCT3,
ALDH1A2,,,C1QTNF6,
GIPC2,,,CAVIN1,
NUF2,,,TRIM11,
PCLAF,,,PPARG,
LRRC3B,,,PRKD1,
CKS2,,,FEN1,
KIF4A,,,E2F1,
MAGI2-AS3,,,PRNP,
CCNB1,,,POLE2,
CACHD1,,,SQLE,
KLHL29,,,CRYAB,
MYH11,,,EPAS1,
CAV2,,,CREB5,
ADAMTS9-AS2,,,E2F7,
HSD17B6,,,AKR1C1,
ASF1B,,,PLIN4,
PGM5-AS1,,,YAP1,
MYOC,,,MBOAT7,
CDCA8,,,CX3CL1,
TPX2,,,TF,
PALMD,,,PER1,
SH3BGRL2,,,EGR1,
PROS1,,,PHKG2,
MATN2,,,CST1,
UBE2C,,,SLC25A22,
ABCA9,,,BGN,
MACROH2A1,,,FLRT2,
IQGAP3,,,DDR2,
SPC25,,,RAPGEF3,
POC1A,,,ADIPOQ,
GPRASP1,,,E2F2,
CORO2B,,,LINC00641,
RBMS3,,,SELENOP,
PAFAH1B3,,,ADGRF5,
ABCA8,,,MAZ,
PLSCR4,,,GPX3,
ADRB2,,,PROX1,
TNXB,,,H3C10,
NR3C2,,,A2M-AS1,
LDB2,,,SGK2,
GPIHBP1,,,AKR1C2,
CEP68,,,FANCD2,
HEPACAM,,,H3C12,
SIK2,,,KLF11,
SLC17A7,,,PDGFRA,
RUSC1,,,VAMP2,
TCEAL7,,,RAB26,
ZWINT,,,MEG3,
SLC50A1,,,HELLS,
ADCYAP1R1,,,AKR1C3,
CHRDL1,,,STMN1,
C8orf88,,,COX7A1,
TPM3,,,DUSP1,
CENPF,,,TRIB3,
DTL,,,RXRG,
TROAP,,,BCL6,
TTC28,,,ARRDC3,
BUB1,,,EMP1,
CDC25C,,,PPP2R2B,
CDKN3,,,IRF7,
TEDC2,,,CPEB1,
PTTG1,,,TOR2A,
LEPR,,,PPARA,
ITPRIPL1,,,ANO6,
SPAG5,,,CEMIP,
KIFC1,,,NR5A2,
BMP8A,,,BAX,
TGFBR2,,,PRKCA,
WDR62,,,CDC25A,
CDC14B,,,MEF2C,
IBSP,,,BACH2,
MAB21L1,,,FTMT,
TK1,,,EPHA2,
ANKRD29,,,PPARGC1A,
DST,,,TFR2,
CEP55,,,CXCL10,
ATOH8,,,GAS1,
CHL1,,,ZFP36,
HOXA5,,,HSD17B11,
CKAP2L,,,SIAH2,
KIF2C,,,FTO,
IGSF10,,,MFGE8,
SYNM,,,KLF6,
GNAL,,,PTGS2,
KIF18B,,,ACSL4,
SPC24,,,SATB1,
ATP1A2,,,TP63,
SLC35A2,,,EPHA4,
NPR1,,,TLR4,
RHOJ,,,ATF3,
ANXA1,,,PER2,
HYCC1,,,RBMS1,
PAQR4,,,JUN,
ADH1C,,,GINS4,
ADAM33,,,IDH2,
ECRG4,,,NR0B1,
LIMS2,,,ACOT7,
VIT,,,ACSL1,
CCDC178,,,BNC1,
PBK,,,SOCS2,
CAPN11,,,CNR1,
STAT5B,,,VLDLR,
SLC2A4,,,TEAD1,
LHFPL6,,,DPEP1,
CHL1-AS2,,,AQP4,
NDC80,,,H3C2,
GPRIN1,,,HSPA12B,
ADRA1A,,,EDN1,
KLHL33,,,HBA1,
SKA3,,,MS4A15,
PRRG3,,,ANGPTL4,
HPSE2,,,ACO1,
ASPA,,,FGF10,
TMT1A,,,LPIN1,
TMEM132C,,,SLC2A1,
SH3D19,,,MAP3K5,
CLEC3B,,,AADAC,
GPR146,,,LTBP2,
RCBTB2,,,MBOAT2,
RMI2,,,KRT18,
FHL1,,,IGF2BP2,
CDCA5,,,GRIA3,
PLPP4,,,DPP4,
SPARCL1,,,PLTP,
GINS1,,,FZD7,
DLGAP5,,,KLF2,
TRPM3,,,ALDH2,
KIF23,,,PVT1,
EZH1,,,SLC2A12,
RABIF,,,SNHG14,
LRRN4CL,,,CYGB,
APCDD1,,,NR4A1,
PGM5,,,MUC1,
TGFBR3,,,MMD,
GSN,,,SLC7A5,
HMMR,,,MPO,
SKA1,,,TTPA,
CEP112,,,CAPG,
EDNRB,,,ZNF488,
MEOX2,,,SOX8,
DPP6,,,SOX10,
TNMD,,,MITF,
BMX,,,ALB,
MASP1,,,RRAD,
ANLN,,,ITPR1,
NEIL3,,,AIFM2,
ADH1A,,,H3C3,
CCNB2,,,MEX3A,
CDC20,,,SLC7A11,
MSRB3,,,TRPM2,
INHBA,,,GATA3,
AQP1,,,CDH4,
CCN4,,,RGS4,
GPRASP2,,,DUOX2,
EOGT,,,TYRO3,
ASPM,,,SLC6A14,
PGAP4,,,SLC2A6,
FGF1,,,FMO1,
SCN3A,,,HSPA6,
EXO1,,,LRRK2,
KIF11,,,SLC47A1,
GTSE1,,,SLC38A5,
TOP2A,,,TRIM46,
STARD9,,,ITGB3,
GABRD,,,HSPB1,
PDGFD,,,RARRES2,
RERGL,,,PLIN2,
FAM13C,,,SLAMF8,
PLPP1,,,GPX2,
USP44,,,SERPINF1,
MTURN,,,RND1,
SRPX,,,HOXD10,
HSD17B13,,,H3C6,
CYYR1,,,APOC1,
MIR145,,,LINC01133,
GDF10,,,H3C8,
EBF1,,,FBLN1,
SPTBN1,,,HOTAIR,
AQP7,,,SOX15,
MICU3,,,GDF15,
MTFR2,,,ANO1,
CRIM1,,,EGF,
SSPN,,,AQP5,
CNTNAP3B,,,BMP4,
SYNPO2,,,ME1,
UBE2S,,,MYB,
RECQL4,,,HSPA4L,
CLDN11,,,LTF,
PEAR1,,,KCNMA1,
LMNB1,,,GSTP1,
SCN4A,,,PHGDH,
BICDL1,,,B3GNT3,
NDRG2,,,PSAT1,
LYVE1,,,XIST,
NR3C1,,,EREG,
TMEM255A,,,CYP24A1,
FREM1,,,ESR1,
SGO1,,,FADS2,
THSD1,,,BEX1,
SEMA3G,,,FGFR4,
TACC3,,,ALOX15B,
BIRC5,,,LCN2,
SCN2B,,,,
SSTR1,,,,
ERCC6L,,,,
PYGM,,,,
SORBS1,,,,
PPP1R14A,,,,
CNIH2,,,,
CLSPN,,,,
NAALAD2,,,,
SLC22A12,,,,
KNL1,,,,
DNAJC18,,,,
CCDC167,,,,
ALDH1L1,,,,
KIF14,,,,
NACC1,,,,
AURKB,,,,
SCN3B,,,,
RAD51,,,,
N4BP2L1,,,,
KPNA2,,,,
BUB1B,,,,
COL11A1,,,,
NCAPG,,,,
TSPAN7,,,,
PKD2,,,,
CFL2,,,,
CENPM,,,,
NCAPH,,,,
CENPU,,,,
MIR100HG,,,,
KANK1,,,,
POU6F1,,,,
SYN2,,,,
FXYD1,,,,
MAP1LC3C,,,,
FGF13-AS1,,,,
ABCA6,,,,
COL25A1,,,,
GGTA1,,,,
SHE,,,,
FAM83D,,,,
HOXA7,,,,
WDR86-AS1,,,,
GPAM,,,,
MIR99AHG,,,,
KIAA0408,,,,
HOXA4,,,,
JPT1,,,,
CD34,,,,
DIPK2B,,,,
PELI2,,,,
RYR3,,,,
KCNJ16,,,,
HAGHL,,,,
CARMN,,,,
LRRTM2,,,,
TMEM252,,,,
TMEM63B,,,,
RSPO3,,,,
ADH1B,,,,
AVPR2,,,,
DACT2,,,,
CBX7,,,,
CCNF,,,,
ACACB,,,,
CASP12,,,,
HDGF,,,,
RELN,,,,
IL11RA,,,,
PTPN21,,,,
PACC1,,,,
CALCOCO1,,,,
ANKRD53,,,,
MKI67,,,,
ISM1,,,,
EGFLAM,,,,
INTS7,,,,
RNF150,,,,
NUP210,,,,
CCNA2,,,,
ABLIM1,,,,
ABCB5,,,,
ESM1,,,,
C2orf88,,,,
ZNF300P1,,,,
EME1,,,,
ARID5B,,,,
EMCN,,,,
LPL,,,,
ZBTB16,,,,
KCNJ2-AS1,,,,
DCT,,,,
TIMELESS,,,,
PCDHGB7,,,,
FAM162B,,,,
CCDC50,,,,
PRKN,,,,
KIF22,,,,
CADM3-AS1,,,,
COL6A6,,,,
RDH5,,,,
CAT,,,,
TMEFF2,,,,
B3GALT1,,,,
DPYSL2,,,,
CYP2U1,,,,
CNTNAP3,,,,
RBMS2,,,,
DEPDC1B,,,,
TRIP13,,,,
FAXDC2,,,,
DEPDC1,,,,
LDLRAD2,,,,
LINC00933,,,,
AASS,,,,
NUDT7,,,,
DIXDC1,,,,
DNAAF9,,,,
GSTM5,,,,
TMEM100,,,,
GLYAT,,,,
HOXA2,,,,
ALDH1A1,,,,
HOXA6,,,,
CYRIA,,,,
RACGAP1,,,,
ESCO2,,,,
PHYHIP,,,,
NMT2,,,,
TACR1,,,,
CLIC5,,,,
LINC02901,,,,
ANGPTL1,,,,
ESPL1,,,,
NVL,,,,
ECT2,,,,
GNG11,,,,
RASSF9,,,,
TMOD1,,,,
PRCD,,,,
PIMREG,,,,
POLR3K,,,,
DPP3,,,,
DNASE1L3,,,,
APOB,,,,
CDKN1C,,,,
KCNB1,,,,
HSPB6,,,,
MYLK,,,,
LGI4,,,,
SHCBP1,,,,
GHR,,,,
PALM2AKAP2,,,,
H2AZ1,,,,
ABCA5,,,,
FAM107A,,,,
SLC20A1,,,,
MEOX1,,,,
MEIS2,,,,
GPC3,,,,
PTPN14,,,,
PCNA,,,,
NPY2R,,,,
PLEKHM3,,,,
ERG,,,,
WASF3,,,,
EIF3L,,,,
ASB1,,,,
DENND2A,,,,
MAD2L1,,,,
SVEP1,,,,
MAML2,,,,
JPT2,,,,
ITGA7,,,,
USHBP1,,,,
SLC24A2,,,,
TDRD10,,,,
THRB,,,,
KIF15,,,,
TMTC1,,,,
PPP4C,,,,
MRAS,,,,
PAK3,,,,
FLAD1,,,,
ADH4,,,,
CILP2,,,,
TTK,,,,
SAV1,,,,
CENPE,,,,
CXCL12,,,,
STAB2,,,,
MYBL2,,,,
TRHDE-AS1,,,,
SLC25A27,,,,
PRR19,,,,
ADAMTS14,,,,
SPRY1,,,,
CLMP,,,,
TLCD1,,,,
CCL11,,,,
S100B,,,,
MTHFD2,,,,
PAPPA2,,,,
AMOTL2,,,,
GALNT15,,,,
PRDM5,,,,
MAOA,,,,
CES1,,,,
INPP1,,,,
RUNX1T1,,,,
RDM1,,,,
CDC6,,,,
LTBP4,,,,
LEP,,,,
ZNF781,,,,
GNAI1,,,,
GFUS,,,,
DLGAP2,,,,
FANCI,,,,
LAGE3,,,,
CIT,,,,
NATD1,,,,
LINC00922,,,,
FGF14-AS2,,,,
ESRP1,,,,
INMT,,,,
CA3,,,,
RAD51AP1,,,,
CDCA2,,,,
CKMT2,,,,
ACVR1C,,,,
SFRP1,,,,
WDFY3-AS2,,,,
SOX12,,,,
CDC45,,,,
TIMM17A,,,,
AMOTL1,,,,
NECAB1,,,,
CNN1,,,,
MYCT1,,,,
ACADL,,,,
GIMAP8,,,,
SALL4,,,,
RAD54L,,,,
SLC22A3,,,,
KCTD12,,,,
LRIG3,,,,
GPD1,,,,
ROBO3,,,,
SYNE3,,,,
ATP6AP1,,,,
SOBP,,,,
PLD5,,,,
RUNDC3B,,,,
FLVCR1,,,,
SLC7A14,,,,
MRGPRF,,,,
PRDM11,,,,
CASP4LP,,,,
RGS6,,,,
POLQ,,,,
HMGB3,,,,
MAGOH2P,,,,
CRHBP,,,,
KCNIP2,,,,
LINC00968,,,,
ADAMTS1,,,,
PLIN1,,,,
GTF2IRD1,,,,
DONSON,,,,
LINC00924,,,,
TAL1,,,,
SLIT3,,,,
RGL1,,,,
GJB2,,,,
RAD54B,,,,
CENPL,,,,
SLC16A7,,,,
ABCB1,,,,
PDE1C,,,,
COMP,,,,
LCN6,,,,
PACSIN1,,,,
ACSM5,,,,
AKAP6,,,,
MMRN2,,,,
STRBP,,,,
ARHGAP11A,,,,
KIF18A,,,,
MCM10,,,,
ATP6V0B,,,,
CDK5,,,,
B4GALT3,,,,
OIP5,,,,
SEMA3D,,,,
MIR497HG,,,,
E2F8,,,,
F8,,,,
ADGRB3,,,,
F10,,,,
CLEC5A,,,,
DDX39A,,,,
UNC5B,,,,
PLAGL1,,,,
HCN2,,,,
P2RY12,,,,
MOCS1,,,,
JADE1,,,,
CLDN5,,,,
LINC01532,,,,
KCNAB1,,,,
FBXO43,,,,
NDN,,,,
GRIN2B,,,,
FAM83H,,,,
PPP1R1A,,,,
PID1,,,,
DNAJB4,,,,
RNFT2,,,,
GRM4,,,,
ZNF204P,,,,
CTXN1,,,,
SBK1,,,,
TINAGL1,,,,
KLHL31,,,,
CBX4,,,,
LINC00842,,,,
CIDEC,,,,
ADCY4,,,,
PLAC1,,,,
EEPD1,,,,
TRARG1,,,,
LURAP1,,,,
SCN11A,,,,
PCDH9,,,,
STIL,,,,
PROC,,,,
ARHGEF40,,,,
CLIP4,,,,
CCDC69,,,,
FHL5,,,,
FBXL6,,,,
TONSL,,,,
TDO2,,,,
FBLN5,,,,
BOC,,,,
HCAR2,,,,
MCM4,,,,
HOXA3,,,,
LSM4,,,,
LVRN,,,,
SLC52A2,,,,
S1PR1,,,,
EGFEM1P,,,,
NAXE,,,,
FAM111B,,,,
NME1,,,,
EFEMP1,,,,
LETR1,,,,
KIF24,,,,
H2AX,,,,
CD200,,,,
LINC01561,,,,
LLGL2,,,,
AHNAK,,,,
PDZD2,,,,
TFPI,,,,
NFIB,,,,
LRRC8C-DT,,,,
PSRC1,,,,
NRG2,,,,
PLAC9,,,,
SEMA6D,,,,
NRN1,,,,
TIMP4,,,,
SAA1,,,,
ARHGEF39,,,,
ADGRL3,,,,
TNFRSF10D,,,,
OSTN,,,,
TRPC6,,,,
KLHL13,,,,
LRRC70,,,,
HAS3,,,,
C10orf90,,,,
MYOCD,,,,
TMEM178A,,,,
FAM149A,,,,
ATP1B2,,,,
WSCD2,,,,
GPR17,,,,
TMEM47,,,,
TMEM88,,,,
RNF180,,,,
AUNIP,,,,
OGN,,,,
PDE11A,,,,
DYNC2I2,,,,
LRFN5,,,,
HOXA-AS2,,,,
ZC3H12B,,,,
PPM1F,,,,
EPB41L2,,,,
CABP1,,,,
DENND2C,,,,
PYCR3,,,,
PLA2G4A,,,,
TNS2,,,,
RBP4,,,,
DNAH14,,,,
FAM110D,,,,
KLF4,,,,
HBB,,,,
SERTM1,,,,
NPR2,,,,
HGH1,,,,
LEF1-AS1,,,,
C14orf180,,,,
HAND2-AS1,,,,
MGARP,,,,
LHCGR,,,,
TCF7L2,,,,
LYSMD4,,,,
GMNC,,,,
PREX2,,,,
DAB2IP,,,,
MPL,,,,
SYNE1,,,,
PLA2R1,,,,
LINC01091,,,,
KLF9,,,,
MMRN1,,,,
KLHL21,,,,
TMEM273,,,,
CLEC1A,,,,
TTC23,,,,
APOO,,,,
ACSS2,,,,
ARHGAP39,,,,
HCG11,,,,
RECK,,,,
SLC19A3,,,,
PI16,,,,
RGN,,,,
RTKN2,,,,
PLEKHH2,,,,
MMP1,,,,
VSIR,,,,
CENPO,,,,
FOSB,,,,
AKAP12,,,,
ARL4A,,,,
KIF26B,,,,
SMIM10L2A,,,,
AP1S1,,,,
JAM3,,,,
SCT,,,,
SOX7,,,,
FOXN3,,,,
CASQ2,,,,
GPLD1,,,,
C21orf58,,,,
LINC01354,,,,
ROBO4,,,,
SNRPE,,,,
HYAL1,,,,
LPAR6,,,,
LCA5,,,,
PDE7B,,,,
PRR11,,,,
GYPC,,,,
ID4,,,,
SEPTIN10,,,,
GRM8,,,,
PRDM16-DT,,,,
OR2B6,,,,
P3H2,,,,
CRB3,,,,
NLGN1,,,,
LRRC15,,,,
H2BC17,,,,
LIPE,,,,
CENPI,,,,
FN1,,,,
CTHRC1,,,,
CHRNA6,,,,
WSCD1,,,,
LARP6,,,,
SKAP2,,,,
TUFT1,,,,
CENPK,,,,
ACKR1,,,,
CCDC152,,,,
GFAP,,,,
PTCH1,,,,
TMPO-AS1,,,,
CCL16,,,,
WHAMMP2,,,,
MT1M,,,,
HCAR3,,,,
KY,,,,
CRY2,,,,
EIF1B-AS1,,,,
CCM2L,,,,
A2M,,,,
UTRN,,,,
DUSP6,,,,
FXYD2,,,,
TBC1D4,,,,
ARAP3,,,,
SMIM10,,,,
MET,,,,
TPD52,,,,
LINC00987,,,,
SPX,,,,
DCTPP1,,,,
SAMD14,,,,
SLC16A12,,,,
ITGA9,,,,
JPH2,,,,
AADACP1,,,,
RHOU,,,,
PCOLCE2,,,,
CCDC78,,,,
CPED1,,,,
NNAT,,,,
PLK4,,,,
CCNE2,,,,
BCL9,,,,
NTMT2,,,,
DPYD,,,,
PROKR1,,,,
MOB3B,,,,
CMTM5,,,,
TPRN,,,,
IQSEC3,,,,
DNA2,,,,
TRDN,,,,
LMO7DN,,,,
CNTFR-AS1,,,,
HSPB7,,,,
NMUR1,,,,
TCEAL5,,,,
INSYN2B,,,,
ETS2,,,,
LINC00667,,,,
RBP7,,,,
ADD3,,,,
PRIMA1,,,,
CIDEA,,,,
TUBA1C,,,,
SMAD9,,,,
CDH12,,,,
PLP1,,,,
KLB,,,,
RHPN1,,,,
SPAAR,,,,
TPT1-AS1,,,,
BMP6,,,,
TPPP2,,,,
BMP3,,,,
CLCA4,,,,
SH3TC2,,,,
BMPER,,,,
SCN9A,,,,
TACC1,,,,
NOTCH4,,,,
TENM1,,,,
TRMT9B,,,,
KREMEN2,,,,
FERMT2,,,,
TRPC1,,,,
FIRRM,,,,
INKA2,,,,
ST6GALNAC3,,,,
VWCE,,,,
ORC6,,,,
PGAP6,,,,
SPART,,,,
SAMD5,,,,
SLC37A1,,,,
AOX1,,,,
PPP4R1L,,,,
MMP27,,,,
AGMO,,,,
ARHGEF15,,,,
FZD4,,,,
SAMD1,,,,
EPYC,,,,
NSG1,,,,
F12,,,,
GNG13,,,,
ADAM8,,,,
PCNX1,,,,
ZNF502,,,,
NEXN,,,,
SDS,,,,
MBNL1-AS1,,,,
H2AC13,,,,
KIRREL1,,,,
CELF2,,,,
NXNL1,,,,
LPP-AS2,,,,
F3,,,,
LPCAT2,,,,
STAT5A,,,,
LINC00671,,,,
RGCC,,,,
WDR86,,,,
ARHGEF28,,,,
LSR,,,,
TRPM6,,,,
ALDH3A1,,,,
AP1M2,,,,
REXO6P,,,,
HOXA9,,,,
GLRA4,,,,
MANF,,,,
FOXP2,,,,
RHPN1-AS1,,,,
APBA1,,,,
KIT,,,,
TESC,,,,
PTGER4,,,,
SLC66A1LP,,,,
PITX1,,,,
DIAPH3,,,,
ABCD2,,,,
CLEC4GP1,,,,
DTX1,,,,
RMI1,,,,
THSD7B,,,,
P3H4,,,,
EPB42,,,,
CUBN,,,,
CCDC3,,,,
TLN2,,,,
NECTIN3,,,,
H2BC5,,,,
MRPL14,,,,
ZFP36L2,,,,
CADM3,,,,
MAP7D3,,,,
DMGDH,,,,
CDCA4,,,,
MFAP4,,,,
SLC16A3,,,,
ZNF677,,,,
P4HA3,,,,
SYNGR3,,,,
CAMK2N2,,,,
CDT1,,,,
FAT4,,,,
SNRNP25,,,,
ASXL3,,,,
DPT,,,,
FAM180B,,,,
FGD4,,,,
ENTREP1,,,,
ATAD2,,,,
HSD17B7,,,,
SLC35G2,,,,
EVC2,,,,
TMEM270,,,,
SASH1,,,,
RND3,,,,
NYAP1,,,,
SIRPA,,,,
ACSM2A,,,,
TEF,,,,
GINS2,,,,
LINC01366,,,,
NRIP2,,,,
FAM124A,,,,
CCDC82,,,,
SMYD3,,,,
ARHGAP24,,,,
SOD3,,,,
ALKAL2,,,,
LGALS12,,,,
SNRPB,,,,
PCK1,,,,
YPEL4,,,,
CRYBG2,,,,
RRN3P1,,,,
MARCHF4,,,,
STXBP6,,,,
RPUSD1,,,,
SSX2IP,,,,
ART4,,,,
DCN,,,,
TRAIP,,,,
CYP11A1,,,,
NANS,,,,
SV2B,,,,
TMED3,,,,
CSN1S1,,,,
BMP2,,,,
CFD,,,,
WLS,,,,
SOX17,,,,
EZR,,,,
LMNB2,,,,
OTC,,,,
MAP2K6,,,,
NUDT16L1,,,,
MPDZ,,,,
NCAM1,,,,
CHEK1,,,,
TNNT3,,,,
PGP,,,,
CIP2A,,,,
ANK2,,,,
GPRC5B,,,,
TSEN54,,,,
RASIP1,,,,
LPCAT1,,,,
FAM72A,,,,
GIMAP6,,,,
OSR1,,,,
PTGFR,,,,
CKAP2,,,,
TSACC,,,,
CFAP20DC,,,,
SGO2,,,,
KIAA1614,,,,
BMP5,,,,
EDA,,,,
FAM72D,,,,
SLC12A8,,,,
CRIM1-DT,,,,
SAA2,,,,
MLXIPL,,,,
LPAL2,,,,
CD302,,,,
CAB39L,,,,
ALX4,,,,
UQCC2,,,,
SLC6A2,,,,
PLD1,,,,
CACNB3,,,,
NR2F6,,,,
KLF3-AS1,,,,
CSRNP3,,,,
CDH13,,,,
LRRN3,,,,
IL21R,,,,
SCN5A,,,,
OLFML2A,,,,
LHX6,,,,
MARCKSL1,,,,
SRL,,,,
RCAN1,,,,
NCALD,,,,
SEMA6A,,,,
PFKFB4,,,,
CIMAP1C,,,,
KAT2B,,,,
PTGDR2,,,,
CNTFR,,,,
CBX8,,,,
GRIA4,,,,
TLE4,,,,
PDLIM3,,,,
FRMD1,,,,
LAMTOR2,,,,
FGFBP2,,,,
CDH23,,,,
MT1X,,,,
ORC1,,,,
LMO2,,,,
COX6C,,,,
CDH20,,,,
SEPHS2,,,,
BRIP1,,,,
GABRA4,,,,
C12orf54,,,,
CXCL3,,,,
RIMBP2,,,,
USP53,,,,
CLDN19,,,,
XRCC2,,,,
MAGI1,,,,
G0S2,,,,
CDNF,,,,
WDR76,,,,
ARHGAP10,,,,
MAL2,,,,
ANTXR2,,,,
STK32A,,,,
SAPCD2,,,,
FAT2,,,,
KCTD4,,,,
DAAM2,,,,
SAMD4A,,,,
GULP1,,,,
TRAF2,,,,
KCNJ2,,,,
PENK,,,,
SLC47A2,,,,
C3orf80,,,,
GLP2R,,,,
KCNA2,,,,
REEP4,,,,
CTTNBP2,,,,
TIMM17B,,,,
TOMM40,,,,
PKHD1L1,,,,
ARHGAP6,,,,
ADHFE1,,,,
PLXNA4,,,,
NACAD,,,,
PAGR1,,,,
NMNAT2,,,,
NAALADL1,,,,
MYOZ2,,,,
RGS7BP,,,,
FGF7,,,,
SPHKAP,,,,
HERC2P9,,,,
CNKSR2,,,,
KCNE1,,,,
EHD2,,,,
HBA2,,,,
PTPRB,,,,
SLC25A39,,,,
MBNL2,,,,
RAB25,,,,
MFSD4A,,,,
LINC03122,,,,
PRDM16,,,,
CMA1,,,,
ABCG2,,,,
KCNA4,,,,
FEZ1,,,,
CFAP45,,,,
EBF2,,,,
GAS2,,,,
NAP1L2,,,,
DIP2C-AS1,,,,
SNTG2,,,,
MRGPRX2,,,,
MFAP2,,,,
GFRA2,,,,
LINC00639,,,,
GALE,,,,
CAPN3,,,,
DEPP1,,,,
GGCT,,,,
ELANE,,,,
TEK,,,,
ANKRD35,,,,
ARRDC4,,,,
CRYBG3,,,,
AADACL2,,,,
VWF,,,,
TMEM132A,,,,
DTYMK,,,,
SLC10A6,,,,
RHOXF1,,,,
PCDHGA3,,,,
PPEF1,,,,
PCDHGA9,,,,
SLC7A10,,,,
DBX2,,,,
PROX1-AS1,,,,
ACTA2-AS1,,,,
RNASE7,,,,
HTR2A,,,,
LIFR-AS1,,,,
ZNF367,,,,
EPHB1,,,,
IGSF9,,,,
CANT1,,,,
MRPS34,,,,
HS3ST4,,,,
PCARE,,,,
MAP3K20,,,,
ARHGAP5-AS1,,,,
FAM110A,,,,
RASL12,,,,
AJM1,,,,
SEL1L2,,,,
KLHDC1,,,,
ZC3H12C,,,,
HFM1,,,,
PRDM8,,,,
BLM,,,,
PCDHB15,,,,
HASPIN,,,,
ICMT-DT,,,,
FBXL19,,,,
PLCXD3,,,,
CST2,,,,
ITPKA,,,,
TMEM9,,,,
RNF125,,,,
STOX2,,,,
ZNF366,,,,
MSRA,,,,
LINC02693,,,,
KCNC4,,,,
LIX1L,,,,
LAMP5,,,,
PCDH18,,,,
PCDHGB6,,,,
FOS,,,,
LINC00648,,,,
ALDOC,,,,
ACTA2,,,,
RELT,,,,
KCNMB1,,,,
NRXN1,,,,
ATP2B1-AS1,,,,
SCN2A,,,,
CDH5,,,,
PNMA8B,,,,
CRTAC1,,,,
WDHD1,,,,
DLC1,,,,
APOD,,,,
ZNF695,,,,
THRA,,,,
IRAG1,,,,
STXBP1,,,,
SYNGR2,,,,
ANKDD1A,,,,
FOXP3,,,,
GABRE,,,,
BVES-AS1,,,,
MXI1,,,,
CACNA2D1,,,,
GYG2,,,,
PTH1R,,,,
H2BC6,,,,
FXYD6,,,,
ADM2,,,,
ISG15,,,,
TRABD2B,,,,
EPN3,,,,
CHST3,,,,
SULT1C4,,,,
MYL9,,,,
PINLYP,,,,
CHPF,,,,
FHOD3,,,,
PPL,,,,
DMRT2,,,,
GRK5,,,,
EHBP1,,,,
CST4,,,,
MYOM2,,,,
C1GALT1C1L,,,,
GRK3,,,,
PACRG,,,,
KCNA6,,,,
HHATL,,,,
NMRAL1,,,,
MILIP,,,,
GIMAP1,,,,
GPR68,,,,
OLR1,,,,
XPNPEP2,,,,
ESR2,,,,
ACE2,,,,
CCND2,,,,
LGR4,,,,
PTCH2,,,,
GREM2,,,,
ZNF660,,,,
ANGPTL8,,,,
ICAM2,,,,
SMYD1,,,,
ROGDI,,,,
ADGRL4,,,,
ZNF106,,,,
ABI3BP,,,,
LAMA3,,,,
ADGRL2,,,,
KLHL3,,,,
MCAM,,,,
CCDC158,,,,
CAPZA3,,,,
MYH3,,,,
FOXI2,,,,
DNM1P47,,,,
CHAF1B,,,,
NAT14,,,,
HTR1D,,,,
CYB561,,,,
LRP4,,,,
FER,,,,
TBX15,,,,
CARD6,,,,
ENTPD7,,,,
CCDC141,,,,
MEST,,,,
P2RX6,,,,
PARPBP,,,,
PFKFB1,,,,
RGS2,,,,
CACFD1,,,,
CCDC85A,,,,
CPS1,,,,
PARD3B,,,,
TIGD3,,,,
SGCZ,,,,
KLF8,,,,
CREBRF,,,,
CDC7,,,,
NGFR,,,,
DBNDD1,,,,
TCEAL2,,,,
LALBA,,,,
TPO,,,,
POU2AF3,,,,
ADAMTSL4,,,,
FANCA,,,,
TCF21,,,,
IRS2,,,,
ARHGEF6,,,,
STX1A,,,,
SHISA3,,,,
CHTF18,,,,
MYLK2,,,,
PJVK,,,,
STXBP2,,,,
PPP1R16B,,,,
PLPPR1,,,,
ACTG1P25,,,,
KANK3,,,,
SIX4,,,,
EPDR1,,,,
TMOD2,,,,
ARTN,,,,
LRCH2,,,,
ECSCR,,,,
TESMIN,,,,
CTNNAL1,,,,
SNCAIP,,,,
CFI,,,,
SLC26A4,,,,
LINC00092,,,,
FKBP4,,,,
TMEM79,,,,
TM4SF18,,,,
H4C9,,,,
GOLGA8N,,,,
ECM2,,,,
ANGPTL2,,,,
PSME2,,,,
NAB1,,,,
BHMT2,,,,
SELP,,,,
ADGRD1,,,,
CCBE1,,,,
CNRIP1,,,,
TAGLN,,,,
CXCR2,,,,
OR10A3,,,,
EVPL,,,,
KNSTRN,,,,
BVES,,,,
PZP,,,,
NEDD9,,,,
MGLL,,,,
ZDHHC12,,,,
UST,,,,
NOS1,,,,
IL4I1,,,,
RIBC2,,,,
DIO3OS,,,,
EGR2,,,,
UNC13C,,,,
THRSP,,,,
NECTIN2,,,,
PRELP,,,,
PIF1,,,,
PCDHB4,,,,
SGCG,,,,
MCRIP2,,,,
TRHDE,,,,
LINC00906,,,,
PAK4,,,,
H2BC12,,,,
UBE2Q2P13,,,,
ACTG2,,,,
KLF10,,,,
PACRG-AS1,,,,
FAM184A,,,,
PHF24,,,,
ZCCHC24,,,,
ZDHHC15,,,,
S100P,,,,
ALDH1A3,,,,
CNTN6,,,,
DPY19L2,,,,
PPP1R14B,,,,
MATN3,,,,
DRP2,,,,
NEK2-DT,,,,
ANGPTL5,,,,
MRPS12,,,,
CYP3A4,,,,
PECAM1,,,,
TYMS,,,,
IRX6,,,,
GSPT2,,,,
IHO1,,,,
OTUD7A,,,,
AKAIN1,,,,
BCAS4,,,,
GIMAP5,,,,
SHROOM4,,,,
ASTN1,,,,
SPMIP8,,,,
AMY2B,,,,
PCAT19,,,,
CCL21,,,,
CAPN6,,,,
GIMAP7,,,,
EPS8,,,,
MID1,,,,
RNF217-AS1,,,,
SAA4,,,,
LINC02458,,,,
RCC1,,,,
TWIST2,,,,
LBX2,,,,
CTPS1,,,,
GPR88,,,,
RPS6KA3,,,,
ENDOU,,,,
H4C4,,,,
MASP2,,,,
VGF,,,,
ARHGAP26,,,,
RNF186,,,,
PHKG1,,,,
LEF1,,,,
NAT8L,,,,
FAM89A,,,,
CLXN,,,,
PRRT4,,,,
YDJC,,,,
RIPPLY3,,,,
FRMD3,,,,
PLCZ1,,,,
APCDD1L-DT,,,,
KPNA5,,,,
PGA5,,,,
RNF145,,,,
CES1P1,,,,
ADAMTS9,,,,
PRR36,,,,
ADGRA3,,,,
DDIAS,,,,
RP1L1,,,,
CCDC136,,,,
RBPMS,,,,
GBX2,,,,
DKK4,,,,
NTRK3,,,,
FIGN,,,,
PKD1L2,,,,
N4BP3,,,,
FLT4,,,,
SCHIP1,,,,
JTB,,,,
PMP2,,,,
ADAM19,,,,
GLDN,,,,
DLK1,,,,
CCNE1,,,,
ACAN,,,,
QKI,,,,
TNFSF4,,,,
BRI3BP,,,,
SEMA3A,,,,
TNFRSF9,,,,
DEFB132,,,,
ARRB1,,,,
IQCN,,,,
CXCL11,,,,
RIMS3,,,,
CLIC2,,,,
LRRC34,,,,
CD59,,,,
NOVA2,,,,
COL14A1,,,,
PCDH11X,,,,
TMEM35A,,,,
ADGRA2,,,,
SH3RF2,,,,
FGFBP1,,,,
EMX2OS,,,,
CENPX,,,,
GCOM1,,,,
B4GALT6,,,,
ANXA3,,,,
NPAS3,,,,
IL17B,,,,
GALNT8,,,,
FEZF2,,,,
LINC02893,,,,
SLC39A11,,,,
OXTR,,,,
LONRF3,,,,
PELI1,,,,
GPR12,,,,
ADAMTS3,,,,
GPM6B,,,,
PIWIL2,,,,
TCP11L2,,,,
PLAUR,,,,
FRMPD4,,,,
TMC2,,,,
TNFRSF18,,,,
SMIM29,,,,
ALPL,,,,
GALR1,,,,
TAMALIN,,,,
C1orf35,,,,
MGAT3,,,,
KCNA1,,,,
SMC4,,,,
LRRC45,,,,
DQX1,,,,
UBE2Q2P1,,,,
RAG1,,,,
CD80,,,,
LGALS8-AS1,,,,
FLNC,,,,
LINC00923,,,,
C1orf115,,,,
BHLHE41,,,,
PDZRN3,,,,
TJP3,,,,
KIFC2,,,,
C11orf87,,,,
PYROXD2,,,,
SACS,,,,
CYP1B1-AS1,,,,
KRT8,,,,
DLG2,,,,
RPS6KA2,,,,
DNAH9,,,,
BRCA2,,,,
MYCBP2,,,,
TMEM37,,,,
ARL6IP1,,,,
GRIA1,,,,
LAMA2,,,,
IL17RD,,,,
EXOSC4,,,,
BCHE,,,,
PIWIL4,,,,
TUBB3,,,,
MYO1H,,,,
KCTD14,,,,
MEIS1,,,,
TTYH3,,,,
TYMP,,,,
GPRC5A,,,,
MPPED2,,,,
HAAO,,,,
SCTR,,,,
SPATA17,,,,
KLF14,,,,
NPAS4,,,,
ANKRD65,,,,
SLC7A3,,,,
MAFF,,,,
SMIM22,,,,
EMC9,,,,
GNG2,,,,
PPP1R37,,,,
EMILIN3,,,,
SPAG1,,,,
DCUN1D3,,,,
SHC3,,,,
TMEM71,,,,
FGFR1,,,,
WIF1,,,,
RPE65,,,,
IER5L,,,,
MISP,,,,
TICRR,,,,
TMEM54,,,,
SLC4A4,,,,
PTPRM,,,,
KALRN,,,,
BARD1,,,,
SHANK3,,,,
HYMAI,,,,
TPTE2P1,,,,
KCNH5,,,,
MICAL2,,,,
ITGA6,,,,
GSTM2,,,,
MYH1,,,,
NES,,,,
MIR22HG,,,,
TMIE,,,,
C20orf204,,,,
PAK5,,,,
YBX3,,,,
HMGA1,,,,
SLC9A9,,,,
CSRNP1,,,,
TIAM1-AS1,,,,
DCDC2C,,,,
PRUNE2,,,,
CYP46A1,,,,
ZDHHC2,,,,
RGS19,,,,
SOX5,,,,
GPM6A,,,,
FAM72B,,,,
TMEM92,,,,
B4GALNT4,,,,
COL17A1,,,,
RRAS2,,,,
PKNOX2,,,,
CYSRT1,,,,
DSEL,,,,
NTF3,,,,
PCDHB18P,,,,
MAF,,,,
LINC01550,,,,
SLIT2,,,,
NLRP1,,,,
COLGALT2,,,,
LAMB3,,,,
HABP4,,,,
CSRP1,,,,
NR2F2-AS1,,,,
MIR23AHG,,,,
ILDR2,,,,
FZD10-AS1,,,,
DNAJC1,,,,
LHX2,,,,
PDE9A,,,,
DES,,,,
PTCHD1,,,,
RGMA,,,,
OGFRL1,,,,
ABHD11,,,,
RIC3,,,,
METTL26,,,,
PRSS12,,,,
IL19,,,,
MFSD3,,,,
CSF3,,,,
GPAT3,,,,
SLC27A6,,,,
C4BPA,,,,
BCL2L12,,,,
FNDC4,,,,
MEDAG,,,,
KRT19,,,,
SAC3D1,,,,
UTS2B,,,,
PIGQ,,,,
COL1A1,,,,
TUBB2B,,,,
AGMAT,,,,
MXD3,,,,
ZNF385D,,,,
COBLL1,,,,
MPZ,,,,
PTPRZ1,,,,
CCL28,,,,
SLCO1C1,,,,
MAP1B,,,,
EDN3,,,,
CD209,,,,
PCSK5,,,,
ADH6,,,,
GPBAR1,,,,
C8orf34,,,,
MCM2,,,,
DRD2,,,,
DOP1B,,,,
SGK1,,,,
PTX3,,,,
MYEOV,,,,
TRIM2,,,,
CLEC14A,,,,
ANTKMT,,,,
RASSF7,,,,
TPPP,,,,
EBP,,,,
C22orf23,,,,
GABRA2,,,,
STARD8,,,,
GRIN2D,,,,
CDKN2B-AS1,,,,
MIR23B,,,,
HERC2P3,,,,
H2BC7,,,,
SERPING1,,,,
FLYWCH2,,,,
C9orf163,,,,
CCR8,,,,
EGR3,,,,
LINC03007,,,,
CERS2,,,,
MT1L,,,,
SAMD10,,,,
ZBED3-AS1,,,,
PPP1R3G,,,,
GRID1,,,,
ST6GALNAC1,,,,
H2AC20,,,,
AK4,,,,
SCN7A,,,,
CRACD,,,,
SDC1,,,,
FCGR1A,,,,
OR7C1,,,,
PLAAT5,,,,
RBBP8NL,,,,
S100A14,,,,
CALN1,,,,
LINC01554,,,,
ZNF239,,,,
DZIP1L,,,,
SLC13A5,,,,
BBOX1,,,,
CCL24,,,,
VIP,,,,
WFIKKN2,,,,
LCAT,,,,
GAS2L2,,,,
FLI1,,,,
MAGED1,,,,
GPR19,,,,
LUZP2,,,,
SGCE,,,,
ZNF483,,,,
VGLL3,,,,
PTPRQ,,,,
LINC00466,,,,
FAM43A,,,,
SDF2L1,,,,
COLCA1,,,,
LPP,,,,
IFI6,,,,
RFTN2,,,,
NDNF,,,,
RTL5,,,,
CYP39A1,,,,
SYNPO,,,,
TIE1,,,,
PTGIS,,,,
FAM228A,,,,
GCNT4,,,,
REV3L,,,,
PRX,,,,
LINC00636,,,,
SYNDIG1,,,,
FNDC10,,,,
PLEK2,,,,
EPCAM,,,,
DSG1,,,,
DYNC1I1,,,,
C1QTNF7,,,,
KIF26A,,,,
HAPLN1,,,,
ZNF662,,,,
PTCHD3,,,,
LINC02538,,,,
FGF9,,,,
ZDBF2,,,,
PIERCE1,,,,
H4C8,,,,
PTK6,,,,
SYNE2,,,,
NWD2,,,,
C3orf36,,,,
RRAGD,,,,
RASA4,,,,
TMEM97,,,,
SYT15,,,,
NCOA7,,,,
METRN,,,,
AVPR1A,,,,
CHST9,,,,
SORD,,,,
MICAL3,,,,
MTARC1,,,,
RAMP1,,,,
CCN1,,,,
SPINT2,,,,
PDE5A,,,,
PSD2,,,,
GPR182,,,,
HPD,,,,
RAB3A,,,,
ADGRD2,,,,
CHD9,,,,
CTNNA3,,,,
SULF1,,,,
HOGA1,,,,
CCN3,,,,
SRMS,,,,
ADAMTS18,,,,
DOCK11,,,,
H4C14,,,,
ARHGAP31,,,,
CPA2,,,,
LRRC8C,,,,
EPHB6,,,,
ARHGEF4,,,,
KDR,,,,
CIMIP2B,,,,
NEUROG2,,,,
ITGA1,,,,
LINC01019,,,,
PCDHGC3,,,,
ZKSCAN8P1,,,,
RASGEF1C,,,,
ABCC9,,,,
NAV3,,,,
PXDC1,,,,
ABRACL,,,,
PPP1R15A,,,,
NLGN3,,,,
CPXM2,,,,
ADGRG3,,,,
PCDH17,,,,
RNF217,,,,
INTS6L,,,,
NLGN4X,,,,
AK5,,,,
TTLL12,,,,
DGAT2,,,,
GPR34,,,,
ABHD17C,,,,
FBN2,,,,
FAM13A-AS1,,,,
CAMP,,,,
GNG7,,,,
ARRDC1,,,,
DNASE1L2,,,,
GLB1L3,,,,
KCNJ8,,,,
ANKDD1B,,,,
JPH4,,,,
ZNF521,,,,
PHYHIPL,,,,
CPE,,,,
ADGRG2,,,,
GREP1,,,,
LDB3,,,,
SEMA5A,,,,
ENTHD1,,,,
DOC2B,,,,
H2AC16,,,,
STAC,,,,
COL4A6,,,,
ZNF471,,,,
CREB3L4,,,,
SNCG,,,,
TMEM145,,,,
ADAMTSL2,,,,
CORO2A,,,,
PCDHGA11,,,,
CYTL1,,,,
TSPAN11,,,,
ETV5,,,,
CCDC8,,,,
CLDN7,,,,
KCNH8,,,,
MAPK8IP2,,,,
TRO,,,,
NHERF1,,,,
IFFO2,,,,
OLFML1,,,,
ABHD6,,,,
TLL1,,,,
ARHGAP19,,,,
PRRG1,,,,
APCDD1L,,,,
CDH19,,,,
C7,,,,
TUB,,,,
IL6-AS1,,,,
PCDHB12,,,,
PARM1,,,,
BOP1,,,,
TMEM141,,,,
COL5A1,,,,
ADCY8,,,,
PFKFB3,,,,
H2BC4,,,,
ARHGAP42,,,,
TTLL10,,,,
CNGA1,,,,
RABEP2,,,,
SEPTIN4,,,,
HSH2D,,,,
PTN,,,,
MYLK4,,,,
POSTN,,,,
REM1,,,,
CLDN10,,,,
ROR1,,,,
CPNE8,,,,
PPM1L,,,,
KBTBD12,,,,
CREB3L1,,,,
MAS1L,,,,
ALS2CL,,,,
ZNF423,,,,
PDE1A,,,,
CELSR3,,,,
AKT3,,,,
ZNF676,,,,
PRRT3,,,,
LRRC61,,,,
ITSN1,,,,
CAPS,,,,
ADRB1,,,,
IRX1,,,,
SLCO1A2,,,,
KCNT2,,,,
GIMAP3P,,,,
C19orf48P,,,,
STARD10,,,,
NKX3-2,,,,
ASB4,,,,
TSPAN13,,,,
RAB19,,,,
RAB7B,,,,
TSTD1,,,,
KCNMB2,,,,
CEP85L,,,,
L3MBTL4,,,,
KLHL4,,,,
PLCG2,,,,
MYO9A,,,,
MMP28,,,,
PCDH19,,,,
ANAPC11,,,,
SLC39A4,,,,
LMX1A,,,,
TBX18,,,,
CYB561D2,,,,
TMCC3,,,,
PIP5K1B,,,,
MRAP2,,,,
TEX26-AS1,,,,
BEND5,,,,
NFAT5,,,,
ZNF462,,,,
GRIP2,,,,
ACSL5,,,,
C2CD2,,,,
LINC02762,,,,
SLCO3A1,,,,
HRC,,,,
FMNL2,,,,
PGAP1,,,,
THSD7A,,,,
SENCR,,,,
CCL23,,,,
SPOCD1,,,,
GAL3ST2,,,,
ANTXRL,,,,
ADGRG4,,,,
TNNT1,,,,
LRP1,,,,
H4C5,,,,
HOXC13,,,,
APOBEC3B,,,,
SYCE1,,,,
KRT14,,,,
PLPPR4,,,,
DSC1,,,,
DKK3,,,,
SLC25A34,,,,
IRAK3,,,,
NRG1,,,,
ABLIM3,,,,
KLHL30,,,,
CRB2,,,,
ANKRD33B,,,,
VIM,,,,
H2BC9,,,,
FGD5,,,,
CLEC4F,,,,
TLR3,,,,
HLA-F-AS1,,,,
SLC14A2,,,,
TMEM74,,,,
RAB9B,,,,
RAB3C,,,,
IGFL2,,,,
MXRA7,,,,
HS3ST3A1,,,,
NKAIN2,,,,
SLC14A1,,,,
ACCS,,,,
PKP3,,,,
TMEM238,,,,
LRRTM4,,,,
H2BC11,,,,
VWA5A,,,,
CLDND2,,,,
SOSTDC1,,,,
PRSS8,,,,
CALCR,,,,
OR2L13,,,,
PALS2,,,,
PPP1R35,,,,
IL6R,,,,
CPAMD8,,,,
CRHR2,,,,
RHBDL1,,,,
MECOM,,,,
PLPP7,,,,
DNAH1,,,,
INHBB,,,,
RAB6B,,,,
MB,,,,
FZD5,,,,
ADCY5,,,,
BOK-AS1,,,,
RGPD8,,,,
PRR7,,,,
PLPPR5,,,,
OCA2,,,,
ZNF540,,,,
SPINK5,,,,
TIPARP,,,,
TCF7L1,,,,
BAALC,,,,
GDF5,,,,
CYBRD1,,,,
RTN4RL2,,,,
LINC03032,,,,
CCNP,,,,
ADCK5,,,,
XKR4,,,,
FMOD,,,,
PCDHB5,,,,
PCDHB7,,,,
IQCD,,,,
GRAMD2B,,,,
NECAB3,,,,
HRCT1,,,,
PNPLA7,,,,
H2BC21,,,,
MMP24,,,,
DEFB1,,,,
AFAP1L2,,,,
NTF4,,,,
GPR84,,,,
C16orf89,,,,
IRAG2,,,,
LRRC38,,,,
ANO3,,,,
ZNF467,,,,
EDA2R,,,,
SLC2A3P2,,,,
DMTN,,,,
SMKR1,,,,
GOLGA8R,,,,
ZNF354C,,,,
STON1,,,,
EVA1C,,,,
ADRA2A,,,,
RASD1,,,,
TP53AIP1,,,,
TSPAN2,,,,
FRMPD1,,,,
MAPK10,,,,
LILRB5,,,,
ALK,,,,
HOXD3,,,,
KRT5,,,,
HOXA10,,,,
WNT11,,,,
OXGR1,,,,
LIMCH1,,,,
FAM181A,,,,
KCNIP1,,,,
C2CD6,,,,
SORBS2,,,,
COMTD1,,,,
CFTR,,,,
ZNF391,,,,
ECHDC3,,,,
SV2C,,,,
HOXD4,,,,
OLAH,,,,
ZBTB20,,,,
FAM3D,,,,
MCTP1,,,,
TENM2,,,,
NR2F1,,,,
FKBP10,,,,
HGF,,,,
ANKRD22,,,,
ST3GAL6,,,,
CLCNKB,,,,
CDK5R1,,,,
FAM180A,,,,
BIN1,,,,
CYP26B1,,,,
AMPD1,,,,
PPARGC1B,,,,
ZNF296,,,,
RCSD1,,,,
GRM7,,,,
NPY5R,,,,
DIPK2A,,,,
MYH7B,,,,
ARHGEF16,,,,
CLDN8,,,,
GAS2L3,,,,
PTH2R,,,,
CYP7B1,,,,
MAPK4,,,,
AFAP1L1,,,,
TNFRSF8,,,,
TTYH1,,,,
COL24A1,,,,
IL1R1,,,,
MGAM2,,,,
ITIH2,,,,
ME3,,,,
SEC14L5,,,,
WT1,,,,
CLDN14,,,,
FGL2,,,,
CDC42EP3,,,,
CSGALNACT1,,,,
MSTN,,,,
HAND2,,,,
MLIP,,,,
KLHL35,,,,
PIGR,,,,
LINC00511,,,,
ZBTB12,,,,
PKP1,,,,
HOXD-AS2,,,,
PLA2G5,,,,
WTIP,,,,
ERMN,,,,
CTF1,,,,
ENPP6,,,,
MUC3A,,,,
ZEB2,,,,
MYRIP,,,,
CEP126,,,,
CBLC,,,,
TPTEP1,,,,
AJAP1,,,,
NME3,,,,
CHST11,,,,
LRFN2,,,,
NFIX,,,,
GFER,,,,
SIM2,,,,
GFOD1,,,,
B3GAT1-DT,,,,
CLCN1,,,,
GALNT17,,,,
ABTB3,,,,
NKAIN1,,,,
NRAD1,,,,
LINC01281,,,,
FAT1,,,,
LRFN1,,,,
FCRL4,,,,
OLFM4,,,,
HSD11B1,,,,
CA6,,,,
PDGFA,,,,
RCAN2,,,,
H2BC8,,,,
SYNE4,,,,
MAP2,,,,
UNC13A,,,,
RASL11A,,,,
GUCY1A1,,,,
ISLR2,,,,
SERINC2,,,,
OPRPN,,,,
APOLD1,,,,
SEMA7A,,,,
CTSG,,,,
EQTN,,,,
MROH6,,,,
DNER,,,,
LRRC73,,,,
BICC1,,,,
CSMD2,,,,
MRC1,,,,
PDZD4,,,,
RPL39L,,,,
MRGPRX3,,,,
FFAR4,,,,
IGFL3,,,,
SLC26A7,,,,
BEND7,,,,
P2RY14,,,,
LINC00165,,,,
PKDCC,,,,
STAC2,,,,
AIF1L,,,,
PHLDB2,,,,
ATP8B4,,,,
HID1,,,,
IL34,,,,
CALB2,,,,
LINC01127,,,,
PPDPF,,,,
FOXA1,,,,
FZD2,,,,
DLK2,,,,
PNPLA2,,,,
ACADS,,,,
SGCA,,,,
RNF112,,,,
CIB3,,,,
ADM,,,,
FMO6P,,,,
LIPC,,,,
GABRG1,,,,
SOX6,,,,
DDX25,,,,
GRIK1,,,,
CSN3,,,,
PKIA,,,,
RARB,,,,
FAM124B,,,,
MDFIC,,,,
SDSL,,,,
FILIP1,,,,
MST1R,,,,
SH3BP5-AS1,,,,
SHROOM2,,,,
PPM1J,,,,
MBNL3,,,,
LINC01085,,,,
EMILIN2,,,,
PABPC5,,,,
MMP9,,,,
SPOCK3,,,,
COL5A2,,,,
BBC3,,,,
ACKR4,,,,
MANEAL,,,,
PI3,,,,
POU2AF2,,,,
ABO,,,,
DNAH6,,,,
MAP3K8,,,,
NIBAN1,,,,
FGF17,,,,
SEMA3F,,,,
RTBDN,,,,
PIP4P2,,,,
STX11,,,,
ATL1,,,,
BRINP1,,,,
PTPRN,,,,
GEM,,,,
TAS1R1,,,,
DNAAF8,,,,
NOVA1,,,,
CDH11,,,,
LRRK2-DT,,,,
EDAR,,,,
NAV2,,,,
ADAMDEC1,,,,
FCER1A,,,,
PM20D1,,,,
LRRC56,,,,
SCX,,,,
FAM171A1,,,,
SAXO5,,,,
TUBB6,,,,
MAOB,,,,
KISS1R,,,,
ACVRL1,,,,
SERPINB13,,,,
MORN3,,,,
LYNX1,,,,
KIF17,,,,
AMIGO2,,,,
SDK1,,,,
IGFBP1,,,,
CADPS,,,,
SMOC1,,,,
PYGO1,,,,
ACTL8,,,,
TSPAN8,,,,
DLEC1,,,,
PYCARD,,,,
TMEM184A,,,,
DYNC2H1,,,,
NTS,,,,
HMGCLL1,,,,
SLAIN1,,,,
LEISA1,,,,
TTN,,,,
LY6H,,,,
NXPE4,,,,
MZT2A,,,,
PODXL2,,,,
OSCAR,,,,
MYT1,,,,
PTGDR,,,,
SLC16A11,,,,
ANPEP,,,,
SPTB,,,,
GDPD5,,,,
CHST2,,,,
PANTR1,,,,
CCDC68,,,,
RGR,,,,
HPN,,,,
KLRF1,,,,
KCNK6,,,,
SPAG4,,,,
CECR7,,,,
PCDHB6,,,,
AVPI1,,,,
KCNK3,,,,
ACSM3,,,,
H2BC26,,,,
MYO7B,,,,
ARK2C,,,,
ZNF608,,,,
SLITRK2,,,,
ETV7,,,,
LRRC46,,,,
NMB,,,,
NT5E,,,,
GPR75,,,,
MAP6,,,,
GOLM1,,,,
COL22A1,,,,
RNF157,,,,
ZNF454,,,,
MAMLD1,,,,
KCNB2,,,,
ESAM,,,,
SGSM1,,,,
KLHDC9,,,,
MARK1,,,,
ARHGEF37,,,,
VSTM4,,,,
ANO4,,,,
PM20D2,,,,
FAM66D,,,,
OTX1,,,,
SLC26A4-AS1,,,,
NYNRIN,,,,
FAM135A,,,,
EFNA4,,,,
LINC00920,,,,
CDH22,,,,
CERKL,,,,
ZNF154,,,,
NLRP13,,,,
CNN3-DT,,,,
SLC1A7,,,,
DLL1,,,,
LDHD,,,,
ERRFI1,,,,
ARC,,,,
ABCC6P1,,,,
MEIS3P1,,,,
IL17D,,,,
NTHL1,,,,
PRKAR2B,,,,
OASL,,,,
ERVFRD-1,,,,
PI15,,,,
LRRTM1,,,,
CCDC87,,,,
PRSS22,,,,
GAL3ST1,,,,
ZSCAN23,,,,
SPATA22,,,,
APOBEC3C,,,,
GOLGA8A,,,,
SLC5A9,,,,
RNASE4,,,,
SPP1,,,,
MFNG,,,,
METTL24,,,,
IRS4,,,,
FAP,,,,
STS,,,,
MCC,,,,
TCN2,,,,
FILIP1L,,,,
HMCN2,,,,
GOLT1A,,,,
KLHL30-AS1,,,,
SEMA3C,,,,
UCP1,,,,
ETV1,,,,
RAB31,,,,
BIK,,,,
DHRS3,,,,
LRRC4B,,,,
CYP8B1,,,,
PMAIP1,,,,
FBXO17,,,,
TLCD3B,,,,
GPER1,,,,
MCTP2,,,,
MYOM3,,,,
B3GAT1,,,,
FAM153CP,,,,
LRTM2,,,,
TRIM29,,,,
H1-2,,,,
CNTNAP2,,,,
C6,,,,
H2AC8,,,,
FLG,,,,
RIIAD1,,,,
PDGFRL,,,,
FMN2,,,,
EML5,,,,
SIGIRR,,,,
CMTM7,,,,
SPATA9,,,,
PRSS51,,,,
STRA6,,,,
DRAP1,,,,
JCHAIN,,,,
PKDREJ,,,,
DPF3,,,,
GRIN2A,,,,
LIMD2,,,,
PDE8B,,,,
PTGDS,,,,
PLCL2,,,,
CLDN2,,,,
GALNT12,,,,
DMRTA1,,,,
PLEKHG1,,,,
NRP1,,,,
CACNB4,,,,
LMO3,,,,
BDNF,,,,
PTCHD4,,,,
ANO9,,,,
CYP4F12,,,,
SLC52A3,,,,
CFH,,,,
DDIT4L,,,,
RAC3,,,,
CRABP2,,,,
MMP14,,,,
EME2,,,,
XIRP1,,,,
H2AC6,,,,
DOK5,,,,
SLC6A15,,,,
LANCL3,,,,
MALL,,,,
TLL2,,,,
ULBP1,,,,
PDZRN4,,,,
B3GNT5,,,,
CTSD,,,,
SCARF1,,,,
NFIL3,,,,
SLC6A9,,,,
ITIH3,,,,
KLK4,,,,
ADRA2B,,,,
STBD1,,,,
FOXC1,,,,
AFF2,,,,
CADM2,,,,
STUM,,,,
RFX6,,,,
HOXC11,,,,
CPNE7,,,,
LINGO1,,,,
THBD,,,,
ZMYND10,,,,
ZG16B,,,,
CCDC80,,,,
ARMC3,,,,
LGR6,,,,
OAS3,,,,
CSF1,,,,
H2BC15,,,,
MMP10,,,,
CLCN4,,,,
DNAAF3,,,,
TFPI2,,,,
GALNT16,,,,
CXCL14,,,,
MMP3,,,,
KLK8,,,,
SLC11A1,,,,
CPM,,,,
CORIN,,,,
BST1,,,,
SLC25A10,,,,
PRR15,,,,
SPATA18,,,,
MGAT4C,,,,
KCNJ12,,,,
CNTN1,,,,
CHODL,,,,
ST8SIA1,,,,
MYBL1,,,,
SNTG2-AS1,,,,
RHBG,,,,
IL22RA1,,,,
SPEF1,,,,
C3,,,,
EFNB3,,,,
SLC35F3,,,,
KIF25,,,,
PER3,,,,
ANKK1,,,,
SCG3,,,,
CHRNA1,,,,
IGHE,,,,
SLC13A2,,,,
ZNF334,,,,
TAC1,,,,
ENPP3,,,,
TEX26,,,,
SPNS2,,,,
NICOL1,,,,
C8orf34-AS1,,,,
IGSF1,,,,
FSTL1,,,,
CDC14A,,,,
GIMAP4,,,,
DEGS2,,,,
CDKL2,,,,
TMPRSS5,,,,
NOD2,,,,
RGS5,,,,
ETV3L,,,,
ART5,,,,
MYO16,,,,
GPR160,,,,
TWIST1,,,,
AGXT,,,,
KLK7,,,,
CX3CR1,,,,
PDLIM4,,,,
GSTA1,,,,
TCF15,,,,
ACKR2,,,,
LAMC2,,,,
ROPN1B,,,,
BEGAIN,,,,
EPS8L1,,,,
DIRAS2,,,,
PLCB1,,,,
PARD6B,,,,
PCDHGA4,,,,
ZNF208,,,,
ADAMTSL4-AS2,,,,
H2BC18,,,,
RUNX2,,,,
EPHA7,,,,
CNNM1,,,,
AMZ1,,,,
TDRD6,,,,
ARMCX4,,,,
GPR141,,,,
MAPK15,,,,
KRT17,,,,
ARID5A,,,,
FCER2,,,,
WT1-AS,,,,
TEDC1,,,,
FIGLA,,,,
ARNT2,,,,
WIPF3,,,,
SLITRK3,,,,
CASP10,,,,
PCDHB11,,,,
FOLR2,,,,
IGHG4,,,,
ROPN1,,,,
LINP1,,,,
NFASC,,,,
LGI1,,,,
HBEGF,,,,
KLK5,,,,
ABCC6,,,,
DRD1,,,,
PLEKHA4,,,,
PNLIPRP3,,,,
CYP2A6,,,,
SLC25A18,,,,
GPR143,,,,
ANO2,,,,
HAP1,,,,
RTN4R,,,,
KCNS1,,,,
CCN6,,,,
PDE1B,,,,
PRR15L,,,,
CXCL1,,,,
CEBPA-DT,,,,
CD248,,,,
DSC3,,,,
NEURL1,,,,
VSIG2,,,,
NOTUM,,,,
FOXS1,,,,
H2AC11,,,,
ZNF667,,,,
SCRG1,,,,
VCAN,,,,
KCNQ4,,,,
EFNA3,,,,
CDH2,,,,
SLC44A4,,,,
SLC15A5,,,,
GAS7,,,,
EDN2,,,,
TMEM200B,,,,
SLC29A4,,,,
MPPED1,,,,
ADTRP,,,,
STRIP2,,,,
RASGRF2,,,,
XKR6,,,,
SETBP1,,,,
SFRP5,,,,
MISP3,,,,
CAPN9,,,,
CXCL6,,,,
HLA-K,,,,
P2RY6,,,,
NKAIN3,,,,
OLFML2B,,,,
LAMA4,,,,
RSPH1,,,,
P2RY13,,,,
SOX9-AS1,,,,
CAPSL,,,,
SLCO4A1-AS1,,,,
SPDEF,,,,
EPHA10,,,,
RASL10A,,,,
TMC4,,,,
GAB3,,,,
CAPN13,,,,
LDHB,,,,
SIM1,,,,
PCDHGB4,,,,
KRT15,,,,
GRIK5,,,,
FGF14,,,,
PCDHB3,,,,
SLC22A18,,,,
CBX2,,,,
DMBX1,,,,
TNS4,,,,
CRISPLD1,,,,
RARA,,,,
TSHR,,,,
FABP7,,,,
KLHL14,,,,
CD93,,,,
CXCR4,,,,
FOLR1,,,,
BASP1,,,,
AGTR1,,,,
TMEM121,,,,
SNX31,,,,
ABCA1,,,,
NCMAP,,,,
AFP,,,,
CXCL9,,,,
FETUB,,,,
ADAMTS8,,,,
HUNK,,,,
DCHS2,,,,
NUDT11,,,,
DSCAM-AS1,,,,
DIRAS3,,,,
FADS3,,,,
STX19,,,,
CXCL5,,,,
C1QL2,,,,
LEFTY2,,,,
MUC15,,,,
MIR646HG,,,,
FBXL16,,,,
TMEM63C,,,,
SMTNL2,,,,
CELSR1,,,,
TMEM215,,,,
FBXO32,,,,
PRR18,,,,
PTGER3,,,,
CSMD1,,,,
POU6F2,,,,
TRNP1,,,,
CD300LF,,,,
UMODL1,,,,
ZNF578,,,,
HACD1,,,,
CBARP,,,,
ITGAX,,,,
COL4A3,,,,
CHST1,,,,
SCG2,,,,
ARSI,,,,
LAMA1,,,,
ELOVL3,,,,
NPM2,,,,
NR4A3,,,,
SMR3B,,,,
DMRT3,,,,
POPDC3,,,,
ERICH5,,,,
OVOL1,,,,
DCX,,,,
IGFN1,,,,
COL1A2,,,,
BANK1,,,,
SEC31B,,,,
POU3F3,,,,
TTC39A,,,,
ZFHX4,,,,
CFAP99,,,,
LINC01711,,,,
KLHL38,,,,
RASGRP2,,,,
ACKR3,,,,
H1-3,,,,
ABCB11,,,,
FCGR3A,,,,
KBTBD11,,,,
ARHGAP36,,,,
FGD3,,,,
AKAP3,,,,
SCGB3A1,,,,
RSPO1,,,,
TIMP3,,,,
CLEC10A,,,,
GDA,,,,
GRIK1-AS1,,,,
ELAVL2,,,,
FOXD2,,,,
SLC28A3,,,,
ATP13A5,,,,
CCR4,,,,
MARCO,,,,
MAGED2,,,,
CCL13,,,,
RADIL,,,,
ITPRID1,,,,
ACSS3,,,,
TAT,,,,
CEACAM5,,,,
CSTA,,,,
GABRP,,,,
C1QTNF1,,,,
TMEM213,,,,
KLK3,,,,
CHST6,,,,
TAS1R3,,,,
FRRS1L,,,,
RNF182,,,,
DDX43,,,,
OXER1,,,,
GFRA3,,,,
CR1,,,,
TRPA1,,,,
CSRP2,,,,
PEG3,,,,
ANKRD36C,,,,
TLCD2,,,,
NTN4,,,,
FAM181B,,,,
H2AC25,,,,
TPM2,,,,
SLC2A10,,,,
PLCH2,,,,
KCNH3,,,,
MRPL12,,,,
VAT1L,,,,
RNF39,,,,
MYBPC1,,,,
MATN4,,,,
SLC6A16,,,,
TNFRSF11A,,,,
EPHA6,,,,
FAR2P2,,,,
CBLN1,,,,
SLPI,,,,
CHRM3,,,,
MIR205,,,,
RAI2,,,,
EPHA8,,,,
MICB,,,,
EFNA5,,,,
KRT9,,,,
ATP8A1,,,,
CERS3,,,,
FERMT1,,,,
CLU,,,,
DPYS,,,,
SLC17A9,,,,
NPNT,,,,
ID1,,,,
DGKI,,,,
APBB1IP,,,,
OAS2,,,,
IGFBPL1,,,,
SCEL,,,,
AK8,,,,
TGM5,,,,
RBPMS2,,,,
WNT7B,,,,
NMU,,,,
ZNF428,,,,
ADGRF1,,,,
IGHA2,,,,
AKR1B15,,,,
DCLK1,,,,
ADD2,,,,
USP6,,,,
APOBR,,,,
PCBP3,,,,
MLPH,,,,
FGF5,,,,
ADM5,,,,
MIAT,,,,
C14orf132,,,,
CNTN4,,,,
CELF2-AS1,,,,
CLEC11A,,,,
ZFPM2,,,,
CCDC9B,,,,
TSPAN12,,,,
SCGN,,,,
COL28A1,,,,
TRIM55,,,,
BATF,,,,
ELF5,,,,
LRP1B,,,,
PLCE1,,,,
ESPN,,,,
PRR33,,,,
C2CD4B,,,,
DSG3,,,,
FUT2,,,,
RADX,,,,
NTN5,,,,
TCF7,,,,
PLAG1,,,,
TLE6,,,,
ANXA8L1,,,,
CACNG4,,,,
PAX3,,,,
MYL7,,,,
COL3A1,,,,
FNDC1,,,,
LINC00689,,,,
CACNA1G,,,,
TPPP3,,,,
FRAS1,,,,
ZNF469,,,,
CEBPA,,,,
GLP1R,,,,
MIR205HG,,,,
MMP20,,,,
ZYG11A,,,,
PRKCQ-AS1,,,,
KLK6,,,,
HCN1,,,,
CNTN3,,,,
CLCA2,,,,
KCNK2,,,,
HOXC10,,,,
SLC16A4,,,,
LINC00960,,,,
KDM4B,,,,
C3orf52,,,,
CUX2,,,,
VAV3,,,,
ADGRB2,,,,
ANXA9,,,,
SERPINF2,,,,
PALM,,,,
EEF1A2,,,,
GPAT2,,,,
MCOLN2,,,,
MAGEB4,,,,
SERPINB5,,,,
TNN,,,,
SLC22A11,,,,
AMH,,,,
IGSF9B,,,,
DNAJC5B,,,,
ASCL2,,,,
RASSF6,,,,
NPR3,,,,
KCNK15,,,,
SIAH2-AS1,,,,
C15orf48,,,,
ATP2A3,,,,
CCL7,,,,
PCYT1B,,,,
MUCL1,,,,
IER3,,,,
COL12A1,,,,
F2RL2,,,,
PPP1R1B,,,,
IL22RA2,,,,
ZNF552,,,,
FGFR3,,,,
RTN1,,,,
SLC16A6,,,,
OR7A5,,,,
CDK6,,,,
LY6D,,,,
B4GALNT3,,,,
ETNK2,,,,
MSR1,,,,
GBP5,,,,
ULBP3,,,,
ESRG,,,,
HSD17B2,,,,
WASIR2,,,,
PLN,,,,
OAS1,,,,
SRSF12,,,,
ADAM12,,,,
BPI,,,,
CASKIN1,,,,
ICAM5,,,,
ATP2B2,,,,
ENTPD8,,,,
CLGN,,,,
SCUBE3,,,,
SLCO4A1,,,,
RUFY4,,,,
PTHLH,,,,
RAMP2-AS1,,,,
CISH,,,,
ADAP1,,,,
UGT8,,,,
LINC00839,,,,
PEBP4,,,,
TIGIT,,,,
GALNT6,,,,
PCP4L1,,,,
CGA,,,,
KANK4,,,,
IL1RAPL2,,,,
PLAAT3,,,,
CEACAM6,,,,
CYFIP2,,,,
ZNF703,,,,
KLF5,,,,
ARHGAP28,,,,
SLC34A2,,,,
KIF19,,,,
TINCR,,,,
SKIDA1,,,,
CFB,,,,
MUC4,,,,
EVL,,,,
PHLDA2,,,,
WNT6,,,,
MIR31HG,,,,
KLK13,,,,
RARRES1,,,,
EYA2,,,,
ZNF99,,,,
GABRG3,,,,
SYT8,,,,
PODN,,,,
GOLGA8B,,,,
ITGA10,,,,
PHLDA1,,,,
SYT13,,,,
CA11,,,,
ZP2,,,,
LAMC3,,,,
MSLNL,,,,
TENM3,,,,
TRIM9,,,,
SIX2,,,,
OMD,,,,
RET,,,,
PAX9,,,,
FZD9,,,,
XDH,,,,
PRG4,,,,
KRT79,,,,
ZBED2,,,,
HPGD,,,,
PLEKHD1,,,,
ST8SIA2,,,,
FMO3,,,,
SEMA3E,,,,
SLC26A3,,,,
NEGR1,,,,
SOCS2-AS1,,,,
RNF128,,,,
ANXA8,,,,
ADAMTSL1,,,,
SHISA6,,,,
TDRD9,,,,
DAPL1,,,,
MCOLN3,,,,
COL23A1,,,,
TUNAR,,,,
NBEAL1,,,,
CH25H,,,,
SLC5A1,,,,
EYA1,,,,
LRRN2,,,,
EGLN3,,,,
GPC1-AS1,,,,
SDK2,,,,
HOXD8,,,,
SLC1A3,,,,
GLRA3,,,,
MT1A,,,,
VGLL1,,,,
NKPD1,,,,
FIBCD1,,,,
AGR2,,,,
DSCAML1,,,,
DCSTAMP,,,,
FRG1JP,,,,
ANO5,,,,
LY75,,,,
CLDN3,,,,
RBM20,,,,
CYP21A2,,,,
VSNL1,,,,
NFKBIZ,,,,
NALCN,,,,
PICSAR,,,,
RNASE1,,,,
C4BPB,,,,
SLC26A5,,,,
CCN5,,,,
FABP5,,,,
DIO3,,,,
WDR17,,,,
WNT5B,,,,
ESYT3,,,,
TNFRSF12A,,,,
KCNJ11,,,,
KLK10,,,,
LRAT,,,,
FOLH1,,,,
RIPK4,,,,
SOCS3,,,,
RNF212,,,,
OSM,,,,
CST6,,,,
TGM1,,,,
EGFL7,,,,
NIPAL1,,,,
MGP,,,,
GRAMD1C,,,,
ADAMTS4,,,,
CMYA5,,,,
GADD45G,,,,
GGH,,,,
CA12,,,,
CCDC144A,,,,
TSPAN1,,,,
TMEM178B,,,,
NPTX2,,,,
C6orf15,,,,
CHRNA2,,,,
PKIB,,,,
PROSER2-AS1,,,,
DCAF12L2,,,,
KCNK1,,,,
PLA2G2A,,,,
GRAMD2A,,,,
DCDC2,,,,
COL4A4,,,,
DMBT1,,,,
GLI1,,,,
XG,,,,
CXCR2P1,,,,
FCN2,,,,
FRZB,,,,
SERPINA9,,,,
ASPN,,,,
FOXJ1,,,,
CD164L2,,,,
TMPRSS2,,,,
S100A4,,,,
PCSK2,,,,
ODAM,,,,
GVINP1,,,,
CHST4,,,,
MESP1,,,,
MFAP5,,,,
GPR15,,,,
SLFN13,,,,
OBSCN,,,,
SEZ6L2,,,,
KLK11,,,,
CBLN4,,,,
IGHA1,,,,
IL1RL2,,,,
SCAND3,,,,
IL20RA,,,,
MT1E,,,,
CYP21A1P,,,,
KRTAP5-AS1,,,,
PCDHGB5,,,,
NRG3,,,,
SPEG,,,,
SLITRK5,,,,
FRMPD3,,,,
RHCG,,,,
NKX1-2,,,,
PART1,,,,
ZIK1,,,,
UGT2B4,,,,
AGR3,,,,
IGFALS,,,,
LIF,,,,
PTGER2,,,,
NUPR2,,,,
PLA2G4F,,,,
MRGPRE,,,,
FDCSP,,,,
MUC7,,,,
COLEC11,,,,
ABCA13,,,,
MNX1,,,,
HRK,,,,
DNAJC22,,,,
SLC38A3,,,,
HOXB8,,,,
SAMD11,,,,
HOXB13,,,,
TRDC,,,,
NAT1,,,,
KCNC2,,,,
CACNG1,,,,
LIN7A,,,,
SV2A,,,,
SRPK3,,,,
IGHV3-72,,,,
SHC4,,,,
KRT6B,,,,
ATP13A4,,,,
LTB,,,,
HMGCS2,,,,
SNORC,,,,
BST2,,,,
TM4SF1,,,,
FSTL4,,,,
UGT2B7,,,,
HEPACAM2,,,,
LRRC37A4P,,,,
BCAS1,,,,
DCD,,,,
F13A1,,,,
ATP6V0D2,,,,
TUBA3D,,,,
DOK7,,,,
NLRP5,,,,
CXCL13,,,,
HSPB8,,,,
ICOS,,,,
C5AR2,,,,
CPNE4,,,,
CFAP90,,,,
GOLGA7B,,,,
SYCP1,,,,
MUC6,,,,
PLAAT4,,,,
VIPR2,,,,
IGLV2-18,,,,
SLC7A8,,,,
PROM1,,,,
EMX1,,,,
AKR7A3,,,,
FBLN2,,,,
EFHB,,,,
C4orf19,,,,
UGT2B11,,,,
PLAT,,,,
CGNL1,,,,
PPP2R2C,,,,
FER1L5,,,,
KMO,,,,
COL8A1,,,,
F7,,,,
NOL4,,,,
FRMPD2,,,,
INSYN2A,,,,
SLITRK4,,,,
ST6GAL2,,,,
SBSPON,,,,
TCN1,,,,
MAB21L4,,,,
RORB,,,,
KIF5A,,,,
SUSD3,,,,
L1CAM,,,,
ARHGAP40,,,,
MKX,,,,
FAM3B,,,,
INSM1,,,,
PPP1R14C,,,,
SLC4A8,,,,
ERP27,,,,
FSIP1,,,,
QPRT,,,,
NR4A2,,,,
EPIC1,,,,
PYDC1,,,,
CHRM1,,,,
VWDE,,,,
FUT6,,,,
DUOXA1,,,,
IRX4,,,,
RANBP3L,,,,
TGFA,,,,
HP,,,,
TMEM139,,,,
TMPRSS4,,,,
TNFSF11,,,,
AGPAT2,,,,
BCL11A,,,,
HDC,,,,
IL20,,,,
IRF4,,,,
TNNI2,,,,
STMND1,,,,
RHBDL3,,,,
GABRB3,,,,
NWD1,,,,
KLK14,,,,
LBP,,,,
VSIG4,,,,
IGKV1D-33,,,,
KCNF1,,,,
SCNN1B,,,,
CHRNB2,,,,
GPT,,,,
ITGB8,,,,
FSIP2,,,,
ZNF711,,,,
CYP4F22,,,,
TOX3,,,,
NPTX1,,,,
IGHG1,,,,
DNAJC12,,,,
MMP7,,,,
KRT16,,,,
IGHG3,,,,
CRABP1,,,,
CCDC144BP,,,,
MAP7D2,,,,
NELL2,,,,
BMPR1B,,,,
NEURL3,,,,
PIP,,,,
IQCA1,,,,
KCNE4,,,,
KCND3,,,,
PCDHA10,,,,
LEMD1,,,,
SYT17,,,,
IGLV7-43,,,,
FCN1,,,,
GREM1,,,,
RIMS4,,,,
HS6ST3,,,,
PLAAT2,,,,
MUC16,,,,
VSTM2L,,,,
PAX2,,,,
SLC7A4,,,,
IGKV1-27,,,,
SPESP1,,,,
HOXC12,,,,
TFCP2L1,,,,
CYP4F29P,,,,
PON3,,,,
WNK3,,,,
IGKV1-9,,,,
IGKV2-30,,,,
AZGP1P1,,,,
IGHV3-74,,,,
UGT2B28,,,,
DIO1,,,,
CHI3L2,,,,
CELF5,,,,
GLYATL2,,,,
MEGF10,,,,
BARX2,,,,
NLRP8,,,,
CCNO,,,,
SHISA9,,,,
ERICH3,,,,
ZNF385B,,,,
BPIFB1,,,,
TFF3,,,,
CHI3L1,,,,
LRG1,,,,
IGLV2-11,,,,
IGKV1-17,,,,
PKHD1,,,,
IRX2,,,,
FOXI1,,,,
TNFRSF17,,,,
LY6K,,,,
FAM83E,,,,
IGKV1D-8,,,,
IGHV3-13,,,,
TMPRSS6,,,,
IGLV10-54,,,,
IGLV1-36,,,,
IGKV1-16,,,,
UNC5A,,,,
IGHV6-1,,,,
TFF1,,,,
KRT83,,,,
CPB1,,,,
CDH3,,,,
PLEKHS1,,,,
SLC30A8,,,,
SPAG6,,,,
MSMB,,,,
HAS1,,,,
C4A,,,,
NPY1R,,,,
C4B,,,,
IGKV3D-20,,,,
SCGB1D2,,,,
GPRIN2,,,,
FCGBP,,,,
PADI2,,,,
CYP2B7P,,,,
FBN3,,,,
SYNPO2L,,,,
MAG,,,,
GLYATL1,,,,
GJB1,,,,
IGHV1-58,,,,
LYPD6,,,,
FUT9,,,,
GRIA2,,,,
ABCA12,,,,
IGKV3D-11,,,,
IGKV2D-29,,,,
KCNN4,,,,
FBXO2,,,,
SDR16C5,,,,
IGKV1-6,,,,
IGHV2-26,,,,
IGHV3-7,,,,
DLGAP1,,,,
KRT23,,,,
PPP4R4,,,,
IGLV8-61,,,,
BRINP2,,,,
IGLV4-69,,,,
PLPPR3,,,,
PAX8-AS1,,,,
NEK10,,,,
LINC01115,,,,
AREG,,,,
SERPINA6,,,,
TRPV6,,,,
BPIFB2,,,,
SIX1,,,,
IGHV3-53,,,,
PRSS21,,,,
IGHV3-48,,,,
POF1B,,,,
GP2,,,,
IGLV4-60,,,,
CLIC6,,,,
COL7A1,,,,
IGLV2-23,,,,
IYD,,,,
RNF183,,,,
CCL18,,,,
B3GALT5-AS1,,,,
KRT6A,,,,
LRP2,,,,
IGLC7,,,,
IGLV6-57,,,,
IGLV2-14,,,,
PSG4,,,,
IGHV1-46,,,,
GRIK3,,,,
POTEKP,,,,
SCGB2A2,,,,
IGLV3-10,,,,
B3GALT5,,,,
IGLV3-19,,,,
PDZK1,,,,
IGLV1-44,,,,
VTCN1,,,,
KRT81,,,,
SORCS1,,,,
IGHD,,,,
KLHDC7A,,,,
RASAL1,,,,
IGDCC3,,,,
IGHV3-20,,,,
LPAR3,,,,
COL2A1,,,,
OBP2B,,,,
SCGB2A1,,,,
CYP4Z1,,,,