Feature,Coef
FOXM1,0.5460305576393717
COL10A1,0.3245888939603723
SYT14,0.32236590953038047
COMP,0.2610552684501202
C3ORF36,0.2535516285123925
LINC03113,0.22044244784070996
MIR205,0.19305985860693425
BGN,0.19245653244544925
CST2,0.19180137796036695
GK4P,0.17641477899799307
LAMP5,0.175319854890475
LINC02933,0.17058450990887966
REG4,0.1622435279063046
SNCB,0.15613016572303137
CCL17,0.15510859665349097
LEF1-AS1,0.1537549192549833
HLA-DPB2,0.14303086087379546
LINC02461,0.14254930679660313
CCN4,0.14213103108916714
JPH4,0.12233098153179468
BMP3,0.11753918242414489
TBPL1P1,0.11678027819244853
ALK,0.11501465179597267
CCR4,0.11342836705809571
HSD17B6,0.11310987134267612
LINC02026,0.11171122593945786
LINC01013,0.10692038040881456
RAB3C,0.10062896580507555
LINC02478,0.09908866046852417
TNR,0.09716277500121488
LINC02899,0.09551307006920093
MCTP1,0.09431837363031943
BNIP3P11,0.09224729425884838
ID1,0.0920170653148
IER3,0.09093653664351387
RHOQP2,0.09090089062174156
LINC02846,0.08887851364264684
WT1,0.0867492564612522
ARPC3P1,0.08105307872550746
CYTL1,0.0808441060164774
CTHRC1,0.07972986023398507
ANK3-DT,0.0786214465142753
SLC45A2,0.07649780199446389
TUFT1,0.07010205113904017
LINC02963,0.06966651236865126
HTR1D,0.06831235639402547
CILP2,0.06727994854665678
ENTHD1,0.0671312283756445
GNG3,0.06703662206614194
SHD,0.0662477694961104
JARID2-AS1,0.06497577469333472
AXDND1,0.0642990421266054
LINC00552,0.06425611256984086
TPRN,0.06250112834322764
RGS4,0.06158763231552501
BMPR1B,0.060481857933928254
HSPA8P11,0.06003264783660836
OLIG1,0.0587699387220636
SLC24A2,0.05716190643401893
ASB12,0.0541197338897729
CRHR2,0.05388346260147626
VCAN-AS1,0.053775569040713525
GSEC,0.052255719633400144
MEPE,0.05138513163607353
TMEM215,0.05061527773150295
LINC00922,0.05022085986478792
GPC4,0.04895734475521661
MTX1LP,0.048701717021988195
LINC02408,0.048520711943581575
ECMXP,0.046867680140032245
LAIR2,0.04668686104530084
C4BPA,0.04654553266648337
LY6H,0.045607197448786656
MIMT1,0.044652523447521145
CD1B,0.044576509686705526
OIT3,0.043420001495946214
SLC30A8,0.04252515742890832
TDRKH-AS1,0.04165841942964867
CDHR17P,0.041259516044696645
LRRC15,0.040252599904373354
C3ORF80,0.04015725521928676
FMO9P,0.04003867514853462
TMEM92,0.03727997396116304
C1QTNF6,0.0361718142529215
POLH-AS1,0.03525241496744966
CBARP,0.03457674247490801
NT5CP2,0.03258566694909295
TPSD1,0.031198498678040032
FOXS1,0.031069951308244
NUAK2,0.030427151655149674
SLN,0.03019035351121551
FBXL16,0.02912401568454054
DMP1,0.02897942142666257
PTP4A2P2,0.028273834992665604
EPGN,0.027203739976509142
NFIB-AS1,0.027074205489293346
USP35,0.02705971917459225
DNAH14,0.026620792201298784
FGF2,0.02626805101014494
SHISAL1,0.02573973971184022
FNDC1-IT1,0.025573993702106505
LINC00402,0.02526272241222067
PSMD10P1,0.02490954868714102
BICRA-AS2,0.024255436978183078
CCNP,0.024151461792667625
MATN3,0.023668188671296424
CLEC5A,0.023164718013061476
CLPS,0.02313857726498561
INHBA,0.023105414277661926
RASL11B,0.0227624338298504
H2AC14,0.022698730142045695
LRRIQ4,0.02224190609572583
PLD5,0.02176059724450324
MISP3,0.021664542420930737
LINC01664,0.021322157060344033
FER1L6,0.02131044965624402
CLLU1-AS1,0.02124825800445785
HAR1B,0.02111249212081035
CCL19,0.020812929130715252
CYP26B1,0.020708796025153645
TRAV41,0.019567265445831962
CTXN1,0.019325899282984497
SERTM2,0.01922328851665232
MAP3K4-AS1,0.019028390394848757
BCL3,0.018791782841349414
NHLH2,0.018665068770759484
C19ORF67,0.017658586307906756
FSCN3,0.01761452465381046
PKMYT1,0.016839359269557583
ASB4,0.016219175592292284
LMF1-AS1,0.016182527017132728
ARB2BP,0.016084120004108027
LINC01614,0.015627525132375465
FOXD4,0.01543557861245858
TLE6,0.015061145605553158
NECTIN2,0.013887582053749771
GAL,0.013286932152665444
PPP4C,0.013233575435327662
H2AC12,0.013230972877876529
MOXD1,0.012898224876603314
S100P,0.011833476168508918
ULBP1,0.011131365532116688
AACSP1,0.009854387291776921
SLC9C1,0.009630898267580389
LINC01303,0.009461201488627882
STAM-DT,0.009192286423689393
NUF2,0.008501802492440291
LINC02388,0.00843537946400901
C7,0.007989702297033378
LINC00534,0.007987462455851104
JAKMIP1-DT,0.0077412533514617
CXCR5,0.0076930881246965715
C12ORF56,0.007605197455996552
PCSK1,0.006950360501686077
FCER1A,0.006600844393392832
ARHGEF2-AS2,0.006570157052782733
ANGPTL4,0.0059847711627124996
NRG2,0.005892729118009121
FNDC1,0.005491454439416706
FNDC1-AS1,0.005329760844125286
GEM,0.004682908243797856
SLC18A1,0.004571449079339268
SPATA20P1,0.00442709563268872
LINC02889,0.0040564166478944085
VIT,0.003891461794844276
LGALS9C,0.0036211326018425393
HEPHL1,0.0030385648963834966
TNNT1,0.0025152512730359546
ZNF668,0.002212000840605712
C19ORF81,0.002168990153244097
CENPF,0.0016736957948138129
LINC02247,0.0011910880064375517
BCL9,0.0011318213512191463
LINC00200,0.0011274065177544648
LINC01426,0.000599397194985498
KCNK9,0.00040038835731121556
PDE2A,0.0
HPDL,0.0
MIR22HG,0.0
SPATC1,0.0
SMIM29,0.0
LHFPL6,0.0
FOXD2,0.0
CYP4F8,0.0
IRX2-DT,0.0
KIF24,0.0
CARMIL3,0.0
CRELD2,0.0
C1QTNF12,0.0
CFAP73,0.0
KCNQ3,0.0
CCDC73,0.0
CLDN5,0.0
HYAL3,0.0
PSG9,0.0
MARCHF11,0.0
HOATZ,0.0
RP1L1,0.0
CXCR3,0.0
TNFRSF4,0.0
KRT16,0.0
ASCL2,0.0
MYBL1,0.0
SRL,0.0
IFIT1,0.0
COLEC10,0.0
GABRA5,0.0
THBS2,0.0
PKP3,0.0
KRT10,0.0
H1-5,0.0
LIN9,0.0
FAM162B,0.0
GOLGA8R,0.0
GLDN,0.0
EMILIN3,0.0
SPATA12,0.0
TOR3A,0.0
NAP1L2,0.0
GNG2,0.0
SLC35F3,0.0
AKAP14,0.0
KLK12,0.0
ZNF703,0.0
KCTD16,0.0
AIFM3,0.0
RGS7BP,0.0
TRAIP,0.0
ACP7,0.0
GRK1,0.0
SLITRK2,0.0
RASA3,0.0
LEMD1,0.0
FAM228A,0.0
CIDEC,0.0
LUZP2,0.0
KIRREL1,0.0
H1-6,0.0
C11ORF96,0.0
ZNF730,0.0
WT1-AS,0.0
KCNJ11,0.0
CDHR4,0.0
CTNNA3,0.0
KRT17P2,0.0
ATP13A5,0.0
POTEC,0.0
CHST6,0.0
RABIF,0.0
MAML2,0.0
ADH1A,0.0
NEB,0.0
FANCA,0.0
GABRD,0.0
CALHM3,0.0
PTGDR2,0.0
C2ORF88,0.0
AGMO,0.0
AMTN,0.0
PERM1,0.0
SAMD11,0.0
TCL6,0.0
ISG15,0.0
GPR19,0.0
PLEKHN1,0.0
SBK2,0.0
RIPPLY3,0.0
TREX2,0.0
GPR132,0.0
CFAP144,0.0
PPARA,0.0
ACSM5,0.0
CHCHD2P9,0.0
P2RY4,0.0
IQGAP3,0.0
H3C13,0.0
SERPINA11,0.0
RTN4RL2,0.0
CCR3,0.0
C1QL4,0.0
TNFRSF18,0.0
ERCC6L,0.0
KRT14,0.0
BPIFA4P,0.0
WDR86,0.0
MT1X,0.0
EPHA10,0.0
OVCH2,0.0
ANGPTL5,0.0
FOXD3,0.0
AKR1C1,0.0
KANK3,0.0
MITF,0.0
TEAD1,0.0
TMPRSS6,0.0
MYT1L,0.0
TRIM61,0.0
ESPN,0.0
LINC02875,0.0
EMID1,0.0
SLIT1,0.0
F8,0.0
MAFF,0.0
KNTC1,0.0
CIB1,0.0
LRRC19,0.0
USP18,0.0
SGCZ,0.0
IRF7,0.0
SV2B,0.0
MUC6,0.0
FAM131C,0.0
LMNTD2,0.0
TLCD2,0.0
LCN12,0.0
DBX2,0.0
NKX2-5,0.0
KLHL33,0.0
NOTUM,0.0
POU6F1,0.0
CDNF,0.0
MAGEA11,0.0
PRKD1,0.0
MROH7,0.0
PDIA2,0.0
SLIT3,0.0
SIGIRR,0.0
PEAR1,0.0
MFSD6L,0.0
APOO,0.0
NPY2R,0.0
TCEAL2,0.0
CLCNKB,0.0
S100A7A,0.0
ADSS1,0.0
ANO9,0.0
CCDC137,0.0
SPPL2C,0.0
MYADML2,0.0
FAM43A,0.0
TRARG1,0.0
ROBO2,0.0
MGAT4EP,0.0
H2BC13,0.0
CDCA2,0.0
APOBR,0.0
LRRC26,0.0
CLDN6,0.0
RALYL,0.0
H2BC21,0.0
SMIM10,0.0
OR56A3,0.0
FOXO4,0.0
SLC22A10,0.0
POU3F2,0.0
IFNE,0.0
FOXD4L1,0.0
PROS1,0.0
TMEM105,0.0
TMEM121,0.0
CEND1,0.0
SOCS3,0.0
TEDC1,0.0
PRKN,0.0
FLRT2,0.0
TCN2,0.0
MANEAL,0.0
BRI3BP,0.0
NATD1,0.0
ANTXRL,0.0
RNVU1-27,0.0
ADRA2B,0.0
H2BC6,0.0
H2BC17,0.0
CCL23,0.0
CD300LF,0.0
KRT5,0.0
NBPF6,0.0
LRRC70,0.0
TREML3P,0.0
TBX1,0.0
TMPRSS2,0.0
CYP4F2,0.0
CD24P4,0.0
UMODL1-AS1,0.0
CNGA2,0.0
PRAME,0.0
SMIM23,0.0
SCN5A,0.0
SLC51B,0.0
SAPCD2,0.0
UBL4B,0.0
SRARP,0.0
FFAR4,0.0
DUSP5P1,0.0
KCNH8,0.0
NPW,0.0
ST6GALNAC3,0.0
KIF18B,0.0
CYP4Z1,0.0
ARSI,0.0
LINC00158,0.0
TMT1A,0.0
SMYD3,0.0
HS6ST3,0.0
PGP,0.0
PDE4DIPP2,0.0
PCDH9,0.0
H3C8,0.0
HMGB1P24,0.0
ALDH1A3,0.0
KRT89P,0.0
TBC1D3B,0.0
TRBV12-3,0.0
H2AC20,0.0
H3C6,0.0
NUPR2,0.0
ZSCAN2-AS1,0.0
IRS2,0.0
CALHM1,0.0
PTCH1,0.0
POMK,0.0
IFITM1,0.0
SLITRK6,0.0
NAT8L,0.0
GOLGA6L4,0.0
SLC52A2,0.0
RPL7P26,0.0
MUC1,0.0
STAC3,0.0
PARPBP,0.0
NELL2,0.0
KPNA7,0.0
ZNF93,0.0
TAFA3,0.0
CACNA1E,0.0
HSD17B11,0.0
CLEC4C,0.0
MB,0.0
BRINP2,0.0
MUC2,0.0
RASSF9,0.0
APCDD1L,0.0
EGFL6,0.0
NCCRP1,0.0
MTCO3P12,0.0
DLGAP2,0.0
ODAD3,0.0
ELOVL2,0.0
ZNF677,0.0
HRNR,0.0
TEAD4,0.0
H2BC12,0.0
NRAP,0.0
UGT2B17,0.0
COLGALT2,0.0
F5,0.0
SAXO5,0.0
MAGEA1,0.0
CCDC69,0.0
ARC,0.0
RD3,0.0
SLC34A3,0.0
WDHD1,0.0
LINC02970,0.0
SLC29A3,0.0
LHX1,0.0
BLVRBP1,0.0
RPS21-DT,0.0
EPOP,0.0
H4C12,0.0
LINC02725,0.0
ZNF587,0.0
HOXC4,0.0
HYLS1,0.0
CYP2A7P2,0.0
H2BC8,0.0
KLKP1,0.0
DMBX1,0.0
HOXA4,0.0
COL4A6,0.0
RAB40C,0.0
ELANE,0.0
FAM177B,0.0
SLC28A3,0.0
SLC2A10,0.0
C20ORF203,0.0
CYRIA,0.0
PRB3,0.0
ADAMTSL2,0.0
INKA2,0.0
SLC22A20P,0.0
CYP2A13,0.0
CYP2B6,0.0
SVIL,0.0
GATA3-AS1,0.0
BLM,0.0
MDS2,0.0
C2CD4A,0.0
PLN,0.0
CNGA1,0.0
ANKRD35,0.0
SH3BGRL2,0.0
TPM2,0.0
H4C16,0.0
ATAD3A,0.0
KLHDC1,0.0
EME2,0.0
ENTPD7,0.0
CFD,0.0
LHFPL5,0.0
CR1L,0.0
PARVA,0.0
ADH4,0.0
CYP2A7,0.0
SULT1C4,0.0
POTEH,0.0
SIRPA,0.0
FCGR1BP,0.0
MAP1LC3C,0.0
NXPE2,0.0
CYP21A1P,0.0
SP5,0.0
SMIM5,0.0
NOTCH4,0.0
CR1,0.0
CAPN8,0.0
LINC02487,0.0
CHML,0.0
CCDC152,0.0
ZDBF2,0.0
SYT15,0.0
TMEM273,0.0
CLPSL1,0.0
GGTA1,0.0
LINC02520,0.0
NEU4,0.0
TDRG1,0.0
TCEAL5,0.0
FOXO6,0.0
LINC01285,0.0
INSYN2B,0.0
MALRD1,0.0
SPDYC,0.0
LINC01556,0.0
MAS1L,0.0
FAM153CP,0.0
CBY3,0.0
MOG,0.0
DISP3,0.0
RNF39,0.0
ZBTB12,0.0
SLC12A5-AS1,0.0
LIPJ,0.0
CT83,0.0
ZYG11A,0.0
LDLRAD1,0.0
MCCD1,0.0
NALF1,0.0
POTEKP,0.0
LY6G6C,0.0
SLC44A4,0.0
LINC01257,0.0
SUGCT-AS1,0.0
RNU4-2,0.0
SNORA5C,0.0
SNORA65,0.0
RNVU1-3,0.0
SNORD46,0.0
RNU4-1,0.0
LINC02091,0.0
GRIN2B,0.0
LRRC73,0.0
DGCR5,0.0
LINC02012,0.0
MYHAS,0.0
SOWAHA,0.0
CCDC167,0.0
GPRASP1,0.0
CSAG1,0.0
PRC1,0.0
ITPRIPL1,0.0
GRK5,0.0
RALGPS2-AS1,0.0
RNU6-529P,0.0
SNORA73B,0.0
RNU6-403P,0.0
SNORD104,0.0
DMD,0.0
LIME1,0.0
H2BC18,0.0
BVES-AS1,0.0
PLPP4,0.0
CENPW,0.0
IQANK1,0.0
FCGR3A,0.0
NTMT2,0.0
SAMD5,0.0
C1ORF53,0.0
LINC02901,0.0
ARHGEF15,0.0
RYR3,0.0
ARHGAP11A,0.0
GK,0.0
PAX9,0.0
TMEM244,0.0
GJB3,0.0
KLRG2,0.0
TMC3,0.0
ENTPD8,0.0
CNR2,0.0
CALHM6,0.0
SNTN,0.0
HMX2,0.0
PRELP,0.0
RAD54B,0.0
IDO2,0.0
RHCE,0.0
S100A16,0.0
DPYD,0.0
PCDH18,0.0
JPT1,0.0
IGFL3,0.0
HMX3,0.0
FAM72B,0.0
NKAIN2,0.0
SPRED3,0.0
DPY19L2P1,0.0
PRSS29P,0.0
ELAVL3,0.0
ZNF729,0.0
STK31,0.0
UBE2Q2P1,0.0
NKAPL,0.0
PLAC9,0.0
ANKRD34B,0.0
MYBPC1,0.0
FAM111B,0.0
RELN,0.0
ANKDD1B,0.0
KIR2DL4,0.0
SBSN,0.0
HUS1B,0.0
SLC15A5,0.0
UTS2B,0.0
SPOCK3,0.0
PAX5,0.0
APOD,0.0
NCR3LG1,0.0
MESP2,0.0
WNT7B,0.0
PLEKHG7,0.0
CLCN1,0.0
TPRG1,0.0
ZSCAN23,0.0
PLA2G2C,0.0
KLHL17,0.0
HBA2,0.0
LDLRAD2,0.0
LCN10,0.0
TTC24,0.0
ASCL4,0.0
P2RX2,0.0
EIF4EBP1,0.0
H1-2,0.0
TMEM220,0.0
GPR141,0.0
SOWAHD,0.0
COL14A1,0.0
CFAP77,0.0
COL25A1,0.0
KRTDAP,0.0
SLC25A10,0.0
LCTL,0.0
H2AX,0.0
IER5L,0.0
CERKL,0.0
SRP72P2,0.0
SELL,0.0
DCUN1D3,0.0
PDCD1,0.0
PRR19,0.0
SBK1,0.0
CENPP,0.0
IGFL1,0.0
HES4,0.0
RUFY4,0.0
IL17REL,0.0
PLA2G2A,0.0
POTEE,0.0
INSYN2A,0.0
COL13A1,0.0
GYPE,0.0
PDGFA,0.0
HNRNPAB,0.0
OGDHL,0.0
H2AC13,0.0
VKORC1L1,0.0
HSH2D,0.0
FAM180B,0.0
MAOA,0.0
ADH1B,0.0
MMP1,0.0
XRCC2,0.0
LAMA2,0.0
SULF2,0.0
CACNA1H,0.0
CYSRT1,0.0
PIWIL2,0.0
MAGEA6,0.0
NEK5,0.0
ZNF502,0.0
IL27,0.0
C6ORF141,0.0
KANK2,0.0
FAM110D,0.0
H4C11,0.0
NMB,0.0
ZNF217-AS1,0.0
DPP4,0.0
SERPINB2,0.0
MYH6,0.0
ZNF695,0.0
IFNL3,0.0
SLC6A17,0.0
ARRDC1,0.0
H4C3,0.0
LAGE3,0.0
SMIM10L2B,0.0
H2BC26,0.0
LAMB3,0.0
ARID5A,0.0
POTEI,0.0
CCDC154,0.0
LINC03042,0.0
FAT4,0.0
S100A4,0.0
AKR1C3,0.0
MYT1,0.0
CFAP119,0.0
CCDC196,0.0
FAM72A,0.0
MME,0.0
H3C12,0.0
ZNF724,0.0
SYCP2,0.0
SH2D5,0.0
OR7E12P,0.0
CXCL17,0.0
C8ORF76,0.0
GSPT2,0.0
ALG1L1P,0.0
S100A14,0.0
ALKAL2,0.0
SPTSSB,0.0
SLC6A9,0.0
TCEAL3,0.0
ARL9,0.0
FGF16,0.0
NBPF4,0.0
C20ORF204,0.0
PRTN3,0.0
EVL,0.0
ZNF781,0.0
SLC35F1,0.0
COLCA1,0.0
C9ORF163,0.0
ZNF239,0.0
H2AC11,0.0
S100A2,0.0
CLPSL2,0.0
GIMAP5,0.0
ATP2A1,0.0
RYR1,0.0
CTSE,0.0
ZNF681,0.0
ASB13,0.0
RCAN2,0.0
POP7,0.0
B3GALT1,0.0
CERS6,0.0
NEGR1,0.0
PTCRA,0.0
NMUR1,0.0
FGB,0.0
FGG,0.0
RANBP17,0.0
PTGER4,0.0
RXFP1,0.0
COL24A1,0.0
LRRC8C,0.0
HOPX,0.0
KLF11,0.0
EPHX4,0.0
ANKRD20A4P,0.0
SYNPO,0.0
SCG2,0.0
ECEL1,0.0
ISG20,0.0
MRPL13,0.0
MTBP,0.0
FRMD3,0.0
CCL11,0.0
CALB2,0.0
EFCAB12,0.0
CFL1,0.0
COL6A5,0.0
MCRIP2,0.0
RASGRP1,0.0
TLN2,0.0
AQP4,0.0
KLF17,0.0
PRNP,0.0
RRM2,0.0
ANGPTL7,0.0
KNDC1,0.0
CTPS1,0.0
PAH,0.0
RND1,0.0
DCDC1,0.0
TANC2,0.0
TPT1-AS1,0.0
OSCAR,0.0
DLK2,0.0
DSEL,0.0
CDK5R2,0.0
NAT1,0.0
PDE7B,0.0
TPPP,0.0
CDCA4,0.0
KCNS3,0.0
SYT9,0.0
HOXB9,0.0
ZNF296,0.0
CAVIN4,0.0
RASA4B,0.0
TRABD,0.0
GTSF1,0.0
COMMD5,0.0
SDR16C5,0.0
LURAP1,0.0
KRT15,0.0
KRT19,0.0
ESCO2,0.0
CHST11,0.0
CANT1,0.0
SOSTDC1,0.0
SHCBP1,0.0
LRG1,0.0
PDGFD,0.0
LRRC34,0.0
RGS19,0.0
LKAAEAR1,0.0
GPR34,0.0
P2RY6,0.0
GIMAP8,0.0
OBP2B,0.0
SOX7,0.0
S1PR1,0.0
PLAC1,0.0
TMEM37,0.0
SAA1,0.0
IHO1,0.0
INSM1,0.0
OLR1,0.0
NDNF,0.0
MIR145,0.0
LINC02809,0.0
H4C9,0.0
RN7SL1,0.0
ID4,0.0
FUT8-AS1,0.0
THBS1-IT1,0.0
ZNF483,0.0
C11ORF86,0.0
VANGL1,0.0
TUBB8B,0.0
ABLIM3,0.0
ABCD2,0.0
ADCY5,0.0
ADAMTS20,0.0
WHAMMP3,0.0
CHRNA9,0.0
SLC16A11,0.0
STMN1P1,0.0
UHRF1,0.0
PRSS2,0.0
LINC03082,0.0
H3C1,0.0
H2BC9,0.0
STPG3-AS1,0.0
PPP1R14B,0.0
CBY2,0.0
TCAP,0.0
C1QTNF1,0.0
HOXB2,0.0
CBX2,0.0
GPR160,0.0
MARCHF10,0.0
KCNH6,0.0
FKBP2,0.0
AGR3,0.0
CCL16,0.0
SNCG,0.0
SLC2A14,0.0
SNTG2,0.0
NIPAL4,0.0
PPP1CA,0.0
MAB21L4,0.0
PRSS30P,0.0
IL17D,0.0
SYNPO2,0.0
RHOD,0.0
PRSS27,0.0
ARNT2,0.0
ADCK5,0.0
LRRN3,0.0
HSPA6,0.0
DELEC1,0.0
EVC2,0.0
ARPP21,0.0
CLEC7A,0.0
AZU1,0.0
MYOZ2,0.0
SLC19A1,0.0
APOBEC4,0.0
LRFN4,0.0
PC,0.0
NLRP13,0.0
CIMIP2C,0.0
TNFRSF10D,0.0
HPSE2,0.0
ADH6,0.0
MMRN2,0.0
MYEOV,0.0
LVRN,0.0
DHCR7,0.0
KRT2,0.0
PDP2,0.0
OVOL1,0.0
FADS6,0.0
CST9,0.0
STOX2,0.0
MZT2A,0.0
MRGPRF,0.0
PXDC1,0.0
STXBP6,0.0
SLC35G2,0.0
ENHO,0.0
PLA2G4F,0.0
FAM107A,0.0
H1-4,0.0
COA6,0.0
ATOH8,0.0
FOXA3,0.0
OR13J1,0.0
NSG1,0.0
NPNT,0.0
UGT3A2,0.0
GFRA2,0.0
COL3A1,0.0
SERINC2,0.0
GBX2,0.0
MTCL1,0.0
CAVIN2,0.0
HTR1E,0.0
MINAR1,0.0
P2RY12,0.0
STK32A,0.0
SHE,0.0
KCNAB1,0.0
GPRIN1,0.0
ADRB2,0.0
CXCL11,0.0
SH3TC2,0.0
NTSR2,0.0
PHYHIP,0.0
TNXB,0.0
EFNA1,0.0
SLC50A1,0.0
ODAD2,0.0
PARM1,0.0
VXN,0.0
ZBBX,0.0
COL4A3,0.0
SLC49A3,0.0
CXCL10,0.0
RNF187,0.0
NUDT16L1,0.0
PNOC,0.0
SCARA5,0.0
PBK,0.0
MAJIN,0.0
SLC22A11,0.0
BATF2,0.0
SAC3D1,0.0
FEN1,0.0
DNAAF3,0.0
YIF1B,0.0
SPINT2,0.0
PPP1R14A,0.0
NLRP7,0.0
TMEM145,0.0
KCTD5,0.0
ABCA3,0.0
CASKIN1,0.0
DNASE1L2,0.0
NAALADL1,0.0
FADD,0.0
SPINDOC,0.0
PLAAT5,0.0
REEP4,0.0
RAB31,0.0
TXNDC2,0.0
STIP1,0.0
KLHL30,0.0
RHOH,0.0
GLYCTK,0.0
DTYMK,0.0
FILIP1L,0.0
SCN11A,0.0
DEGS2,0.0
XIRP1,0.0
CX3CR1,0.0
HID1,0.0
TEKT1,0.0
RCOR2,0.0
GNG4,0.0
TAP1,0.0
FOS,0.0
FRMPD2,0.0
FABP4,0.0
CDK1,0.0
LGALS9B,0.0
CRTAP,0.0
FAXDC2,0.0
FABP6,0.0
SIX2,0.0
UMOD,0.0
IRX1,0.0
PFKFB3,0.0
RNF150,0.0
SIK2,0.0
NSG2,0.0
GPR37L1,0.0
SERPINA9,0.0
ZPLD1,0.0
MYRIP,0.0
MYO7B,0.0
CDH2,0.0
SCAND1,0.0
OPRPN,0.0
KCNG3,0.0
FUT3,0.0
HSD17B13,0.0
KISS1,0.0
SLC23A1,0.0
MZB1,0.0
KRT6C,0.0
CST5,0.0
KRT86,0.0
SDR9C7,0.0
KRT78,0.0
KRT8,0.0
VSTM2A,0.0
ZNF804A,0.0
TRH,0.0
CEL,0.0
BFSP2,0.0
EMX2,0.0
KRT75,0.0
LRRC45,0.0
BUB1,0.0
BCRP2,0.0
RGPD8,0.0
BOLA2B,0.0
PROKR1,0.0
CKAP2L,0.0
CLIC3,0.0
ZEB2,0.0
IFFO2,0.0
ZNF280A,0.0
CCDC8,0.0
SPRR1A,0.0
SPRR1B,0.0
COL22A1,0.0
RASSF6,0.0
SCN9A,0.0
NPR1,0.0
RNASE2,0.0
GP2,0.0
MUC15,0.0
PUSL1,0.0
TAS1R3,0.0
ZFPM2,0.0
FRMPD4,0.0
LRRN2,0.0
CST1,0.0
S100G,0.0
PYDC1,0.0
MUC3A,0.0
REPS2,0.0
CHRNA5,0.0
CTNND2,0.0
TACR3,0.0
LINGO1,0.0
UGP2,0.0
NLGN1,0.0
RAC3,0.0
LDB2,0.0
ASPSCR1,0.0
AGPAT2,0.0
CENPX,0.0
WNT10B,0.0
FUT7,0.0
BHLHA15,0.0
GAS1,0.0
TPRXL,0.0
MTURN,0.0
FZD2,0.0
PNPLA1,0.0
TPPP2,0.0
ZBTB42,0.0
PODN,0.0
ZFPM1,0.0
ADGRD2,0.0
HERC2P3,0.0
MYL11,0.0
RCC1,0.0
FAR2P1,0.0
TH,0.0
ACTA2-AS1,0.0
LINC02870,0.0
ZNF48,0.0
GRM8,0.0
C1ORF105,0.0
GPR137C,0.0
MRPL14,0.0
FAM83H,0.0
SCRIB,0.0
GREM2,0.0
CXCR2,0.0
HOXC10,0.0
ANKRD30B,0.0
H2AC6,0.0
SHISA2,0.0
CHRM4,0.0
CCR8,0.0
GPBAR1,0.0
SEPHS2,0.0
NRXN1,0.0
MAB21L1,0.0
SLC47A2,0.0
SSTR2,0.0
H2BC4,0.0
WDFY3-AS2,0.0
SLC17A8,0.0
MKRN3,0.0
IL6-AS1,0.0
VWA1,0.0
EGR3,0.0
WSCD1,0.0
RTL3,0.0
TMEM151A,0.0
DAND5,0.0
PPP1R14BP3,0.0
PARP10,0.0
CSRNP3,0.0
MAF,0.0
ALOXE3,0.0
GIMAP7,0.0
C10ORF67,0.0
HES7,0.0
H3P47,0.0
PER1,0.0
C12ORF42,0.0
KCTD12,0.0
DCTPP1,0.0
PCARE,0.0
MAGED1,0.0
CALR,0.0
TMEM125,0.0
CFAP276,0.0
TIGD5,0.0
AKAP5,0.0
PIK3CD-AS1,0.0
LBX2,0.0
FAM216B,0.0
LRRC3B,0.0
CDH5,0.0
APOBEC3B,0.0
WDR97,0.0
AURKB,0.0
RMI1,0.0
SMIM10L2A,0.0
ZNF552,0.0
EXOSC4,0.0
MRGPRX3,0.0
CCNYL2,0.0
RXFP3,0.0
HS3ST4,0.0
SATB1,0.0
RNASE10,0.0
MXRA7,0.0
XKRX,0.0
KPNA2,0.0
TSHZ2,0.0
OR52N4,0.0
DNM1P46,0.0
IFNL1,0.0
PCP4,0.0
NXPH4,0.0
ZNF804B,0.0
FBXL6,0.0
B4GALNT4,0.0
FIGN,0.0
SYNM,0.0
SHISAL2A,0.0
TEX19,0.0
ABAT,0.0
ALYREF,0.0
BMP8A,0.0
LINC00518,0.0
MCEMP1,0.0
PYCR1,0.0
ZNF662,0.0
CIMAP1C,0.0
TCEAL7,0.0
NDN,0.0
VMO1,0.0
PLCXD3,0.0
MAGEB17,0.0
CCDC87,0.0
HCAR2,0.0
SLC35D3,0.0
RGS6,0.0
BRICD5,0.0
CCDC60,0.0
PRR36,0.0
RGS7,0.0
FANCB,0.0
TMEM45A,0.0
SOX2,0.0
ZNF467,0.0
DDN,0.0
SYNE4,0.0
CFAP65,0.0
CCL13,0.0
OFCC1,0.0
RGMA,0.0
TMEM132C,0.0
H2AC25,0.0
C4ORF50,0.0
PENK,0.0
DHTKD1,0.0
ZNF707,0.0
LINC02878,0.0
ADIPOQ,0.0
GPR139,0.0
MAPK15,0.0
TMEM132E,0.0
TSEN54,0.0
TDRKH,0.0
KCNIP1,0.0
FAM89A,0.0
PTCHD3,0.0
IDH2,0.0
USH1G,0.0
PPP1R27,0.0
RTKN2,0.0
EDDM3B,0.0
CLDN7,0.0
SLC2A4,0.0
TIGIT,0.0
SLC9A9,0.0
SIAH2,0.0
TMEM252,0.0
ATG9B,0.0
PHLDA2,0.0
FDCSP,0.0
TMIE,0.0
SNRPE,0.0
CREG2,0.0
CALCB,0.0
GAPT,0.0
KLC2,0.0
ZG16,0.0
ZIC4,0.0
CD164L2,0.0
AMZ1,0.0
P2RY14,0.0
FAM133A,0.0
ASPHD1,0.0
LONRF3,0.0
DRAP1,0.0
TSGA10IP,0.0
DPP10,0.0
LPL,0.0
SCUBE2,0.0
BRMS1,0.0
LEP,0.0
GRIK1-AS1,0.0
KCTD13,0.0
SYNE3,0.0
CLEC14A,0.0
RIMS2,0.0
RNPEP,0.0
HSD11B2,0.0
B3GNT4,0.0
LRRTM4,0.0
CIDEA,0.0
NRIP3,0.0
TMEM270,0.0
CST6,0.0
CCNE2,0.0
ANKRD30BP1,0.0
CATSPER1,0.0
CENPS,0.0
VWA3A,0.0
DENND2C,0.0
DOK7,0.0
A2M,0.0
PLEKHF2,0.0
APOF,0.0
SLC66A1LP,0.0
NLRP6,0.0
CNIH2,0.0
CD248,0.0
FZD4,0.0
ODAPH,0.0
PCP2,0.0
TIGD3,0.0
TDRD12,0.0
BRSK2,0.0
CD7,0.0
STAT5B,0.0
WFIKKN2,0.0
MUC13,0.0
HSPB7,0.0
TTC9B,0.0
SLC26A9,0.0
CNTNAP2,0.0
ZWILCH,0.0
EXO1,0.0
HAP1,0.0
KY,0.0
NPAS4,0.0
GOLT1A,0.0
MYO1H,0.0
GOLGA8A,0.0
CHST1,0.0
PCCA,0.0
PPM1E,0.0
CADM2,0.0
SEZ6L2,0.0
DES,0.0
UBE2C,0.0
DIRC1,0.0
ZNHIT2,0.0
SELP,0.0
GSTA3,0.0
NWD2,0.0
MSRB3,0.0
CD34,0.0
GNG5,0.0
MARCKSL1,0.0
CAVIN1,0.0
CD19,0.0
UMODL1,0.0
TUBAL3,0.0
GLDC,0.0
DNAJC22,0.0
CCDC185,0.0
PLEKHM3,0.0
CALML5,0.0
RMI2,0.0
GEN1,0.0
SLITRK1,0.0
ZNF366,0.0
ZDHHC22,0.0
SCN4B,0.0
SHMT1,0.0
FUT2,0.0
C8G,0.0
SOX12,0.0
NECTIN3,0.0
KCNG2,0.0
RCC2,0.0
TRIML2,0.0
RRS1,0.0
DPY19L2,0.0
CAPZA3,0.0
TENM3-AS1,0.0
KCNJ10,0.0
FAM87B,0.0
APOLD1,0.0
ZBED2,0.0
RIIAD1,0.0
C5ORF46,0.0
CPNE7,0.0
CPN2,0.0
ERFE,0.0
STX19,0.0
THBD,0.0
LINC03122,0.0
RPP25,0.0
RPRM,0.0
RNF186,0.0
MC5R,0.0
CRYBG2,0.0
JAKMIP2,0.0
C11ORF16,0.0
TUBB6,0.0
PLEKHD1,0.0
TYMSOS,0.0
TYMS,0.0
SOX11,0.0
SUMO4,0.0
KRT18P28,0.0
IRX5,0.0
BASP1,0.0
CDK5R1,0.0
BOK,0.0
RUVBL1,0.0
PRIMA1,0.0
LINC02694,0.0
EIF4E1B,0.0
LINC02915,0.0
GRIN1,0.0
PNPLA2,0.0
C12ORF54,0.0
PGBD5,0.0
HASPIN,0.0
RABEP2,0.0
SLC25A22,0.0
LMNB2,0.0
MAP3K19,0.0
GNG7,0.0
PRR15,0.0
ANO6,0.0
OR10AC1,0.0
PLAAT3,0.0
PPFIA3,0.0
LRRN4CL,0.0
KCNA2,0.0
LINC01561,0.0
SPACA4,0.0
RPS6KA3,0.0
CLVS1,0.0
RIMKLA,0.0
PHLDB3,0.0
LINC01091,0.0
LNCBRM,0.0
ADAMTS19-AS1,0.0
CASC9,0.0
TRMT9B,0.0
LINC02762,0.0
RDH10-AS1,0.0
LINC01612,0.0
PCDH10-DT,0.0
KRTAP5-1,0.0
C2CD5-AS1,0.0
HOXC-AS2,0.0
DNAH10OS,0.0
LEISA1,0.0
LINC01235,0.0
NRBF2P5,0.0
PPP2CA-DT,0.0
MIR222HG,0.0
LINC02893,0.0
SPACA6-AS1,0.0
FZD10-AS1,0.0
TRD-AS1,0.0
RMEL3,0.0
ENPP7P11,0.0
ESAM-AS1,0.0
SLC7A11-AS1,0.0
BFSP2-AS1,0.0
TMEM158,0.0
LINC00536,0.0
SELENOP,0.0
ZEB2P1,0.0
LINC02492,0.0
LINC02994,0.0
NPY2R-AS1,0.0
STK19B,0.0
RPL6P11,0.0
GMPSP1,0.0
HOXC-AS1,0.0
FAM242C,0.0
LINC01234,0.0
NEUROG2-AS1,0.0
LINC02515,0.0
YTHDF3-DT,0.0
C4ORF54,0.0
LINC01085,0.0
LINC02100,0.0
OXCT1-AS1,0.0
LINC00992,0.0
GAPDHP40,0.0
KRT8P48,0.0
C5ORF34-AS1,0.0
CCNYL6,0.0
LINC02437,0.0
LINC01060,0.0
LINC01016,0.0
LINC02149,0.0
LINC01088,0.0
LINC01411,0.0
TICAM2-AS1,0.0
WHAMMP2,0.0
MEF2C-AS1,0.0
LINC02014,0.0
PPP1R3B-DT,0.0
PVT1,0.0
HS3ST5,0.0
LINC02972,0.0
CARMN,0.0
TNRC18P1,0.0
BMPR1B-DT,0.0
TMEM150C,0.0
CASC16,0.0
SEMA6A-AS2,0.0
GAS2L2,0.0
EPIST,0.0
KRT18P25,0.0
FAM151B-DT,0.0
PSME2P3,0.0
GRAMD4P8,0.0
HNRNPA3P9,0.0
RASL10B,0.0
H4C14,0.0
NANOGNBP3,0.0
UBE2CP5,0.0
PCDHA11,0.0
LINC01863,0.0
LINC02551,0.0
LMNTD2-AS1,0.0
MEX3A,0.0
GLYATL1P2,0.0
SCARNA21,0.0
RNU6-415P,0.0
GUSBP14,0.0
SIRLNT,0.0
NIHCOLE,0.0
PCDHGA8,0.0
IGHGP,0.0
GASAL1,0.0
PRSS51,0.0
LINC03047,0.0
CHILL1,0.0
HOXA-AS2,0.0
SEPTIN10P1,0.0
HPYR1,0.0
LINC02099,0.0
TPTE2P1,0.0
FXYD6-AS1,0.0
KIAA1191P2,0.0
LINC02732,0.0
RHPN1-AS1,0.0
HOXA-AS3,0.0
MIR2052HG,0.0
MAFA-AS1,0.0
NOX5,0.0
OR5BA1P,0.0
MAL2-AS1,0.0
CARD17P,0.0
PCDHGA3,0.0
WWP1-AS1,0.0
CASC19,0.0
PCDHGB7,0.0
RBPMS-AS1,0.0
LINC02055,0.0
SLC2A3P4,0.0
LINC03071,0.0
NRIP3-DT,0.0
MIR100HG,0.0
LINC00605,0.0
PPIAP11,0.0
FOXD1,0.0
RASGRF2-AS1,0.0
LINC01094,0.0
LINC00499,0.0
LINC02236,0.0
WWC2-AS2,0.0
LINC02475,0.0
LINC03021,0.0
LINC00989,0.0
RPSAP70,0.0
LINC00923,0.0
LINC00589,0.0
GSTCD-AS1,0.0
HOXC-AS3,0.0
MRPS30-DT,0.0
LINC02882,0.0
LINC02506,0.0
ALG1L3P,0.0
LINC02197,0.0
LINC02728,0.0
SHANK3,0.0
LINC02237,0.0
LINC02159,0.0
LINC03044,0.0
COPDA1,0.0
PCDHGB6,0.0
LINC01606,0.0
HOXA10,0.0
C8ORF88,0.0
LINC02278,0.0
GUSBP3,0.0
HOXA10-AS,0.0
LINC02948,0.0
LINC01605,0.0
LINC02208,0.0
METTL21EP,0.0
ZBED3-AS1,0.0
SCARNA5,0.0
SCARNA6,0.0
PCDHA12,0.0
DENND3-AS1,0.0
KIFC1,0.0
AMY2B,0.0
RN7SL674P,0.0
NME1,0.0
KLHL41,0.0
RN7SL221P,0.0
SIDT1-AS1,0.0
ST3GAL6-AS1,0.0
CYP4F62P,0.0
LINC02438,0.0
SCARNA7,0.0
SNORA13,0.0
LRIG2-DT,0.0
MAGEB17-AS1,0.0
TUBAP8,0.0
BRWD1-AS1,0.0
LINC01522,0.0
HLA-DPA3,0.0
SLC25A24P2,0.0
LINC01625,0.0
LINC02006,0.0
CSP2,0.0
CRIPTO,0.0
ADAMTS9-AS1,0.0
MNX1-AS1,0.0
AOX2P,0.0
LINC01589,0.0
RPL29P14,0.0
HOXA11-AS,0.0
RN7SL521P,0.0
FOXP1-IT1,0.0
C1QTNF9,0.0
AADACP1,0.0
AQP1,0.0
LINC02067,0.0
CDKN2B-AS1,0.0
SAMMSON,0.0
SOCAR,0.0
TCAM1P,0.0
FAR2P3,0.0
SMKR1,0.0
BTNL12P,0.0
UNC5B-AS1,0.0
VN1R48P,0.0
BRINP3-DT,0.0
CDK2AP2P2,0.0
HNRNPA1P57,0.0
CECR7,0.0
LINC00896,0.0
LINC02195,0.0
UBE2L5,0.0
ABCA17P,0.0
HOXD-AS2,0.0
CBX1P3,0.0
LINC03062,0.0
RNF223,0.0
CKMT1B,0.0
LINC00987,0.0
BMS1P10,0.0
LINC01792,0.0
CNTFR-AS1,0.0
HAND2-AS1,0.0
CHCHD3P1,0.0
LINC02037,0.0
LINC01352,0.0
SPATA3-AS1,0.0
MVP-DT,0.0
SPTBN1-AS2,0.0
PSME2P1,0.0
OR2I1P,0.0
PTENP1,0.0
KCNMB2-AS1,0.0
SHISA9,0.0
LINC00844,0.0
LINC01852,0.0
LINC02827,0.0
LINC02245,0.0
FRY-AS1,0.0
DYRK3-AS1,0.0
TIAM1-AS1,0.0
PYY2,0.0
LINC01497,0.0
HLA-DQA2,0.0
TMEM161BP1,0.0
DDX11-AS1,0.0
POU5F2,0.0
LETR1,0.0
PRR5-ARHGAP8,0.0
LINC00504,0.0
A2M-AS1,0.0
MIR3150BHG,0.0
LIFR-AS1,0.0
C4A,0.0
SYNPR-AS1,0.0
RAD21L1,0.0
ODCP,0.0
LINC01213,0.0
EOGT-DT,0.0
IGKV3-15,0.0
ETV5,0.0
SIAH2-AS1,0.0
SLCO5A1-AS1,0.0
FZD4-DT,0.0
LINC00968,0.0
LINC02086,0.0
ADH1C,0.0
RRN3P1,0.0
MIR210HG,0.0
LINC00920,0.0
H2AJ,0.0
LINC02288,0.0
HHIP-AS1,0.0
LINC02432,0.0
LINC02115,0.0
FRG1-DT,0.0
LINC01550,0.0
RETREG1-AS1,0.0
LINC01096,0.0
ALDH1L1-AS2,0.0
LINC02273,0.0
BTG1-DT,0.0
CEBPA,0.0
MIR4300HG,0.0
LINC02202,0.0
DRAIC,0.0
ACTN3,0.0
ARHGEF26-AS1,0.0
ABCC13,0.0
RPS3AP34,0.0
INHCAP,0.0
LASTR,0.0
SNHG3,0.0
MTFP1,0.0
LRRC77P,0.0
TMEM141,0.0
LINC02458,0.0
SLC5A4-AS1,0.0
PRKAG2-AS2,0.0
HOGA1,0.0
VWFP1,0.0
ADAMTS9-AS2,0.0
INMT,0.0
ZBTB20-AS1,0.0
RN7SL767P,0.0
CD302,0.0
SLC25A24P1,0.0
GSTA2,0.0
RN7SL417P,0.0
IL12A-AS1,0.0
NBPF5P,0.0
TUBA4B,0.0
WDR86-AS1,0.0
RPLP0P2,0.0
RN7SL181P,0.0
CFAP57,0.0
LEFTY1,0.0
CFB,0.0
LINC00870,0.0
UPK3B,0.0
LINC01214,0.0
MIR9-2HG,0.0
CYP2U1-AS1,0.0
RNF139-DT,0.0
NICOL1,0.0
RPL23AP49,0.0
EFNA4,0.0
PRAF2,0.0
STON1,0.0
EZRP1,0.0
LINC01977,0.0
ARHGAP11A-DT,0.0
LINC01979,0.0
FAM187B2P,0.0
LINC01569,0.0
MIR193BHG,0.0
MMP12,0.0
SNRPGP2,0.0
DYM-AS1,0.0
BBOX1-AS1,0.0
MIR3189,0.0
FGF7P1,0.0
RN7SL381P,0.0
RHEX,0.0
SNORD3A,0.0
H2BC20P,0.0
LINC00165,0.0
SCRT1,0.0
PAQR5-DT,0.0
TTC23-AS1,0.0
MAGOH2P,0.0
RHOT1P1,0.0
MIR4477B,0.0
MIR3671,0.0
TXNIP,0.0
THOC1-DT,0.0
LINC00667,0.0
RN7SL4P,0.0
SEPTIN9-DT,0.0
MSMB,0.0
MRPL12,0.0
IKBKE,0.0
SYPL1P2,0.0
MIR4664,0.0
FCGR1CP,0.0
KRT18P55,0.0
MIR4263,0.0
FEM1AP2,0.0
ARGFXP2,0.0
MIR142HG,0.0
LRRC37A7P,0.0
HID1-AS1,0.0
LINC02185,0.0
PCDHGA9,0.0
GOLGA8H,0.0
TCF24,0.0
LINC02280,0.0
CEDORA,0.0
TSPAN5-DT,0.0
MT1L,0.0
INSYN1-AS1,0.0
TPBGL,0.0
TUBB8,0.0
LINC02894,0.0
DHX35-DT,0.0
MAFTRR,0.0
PECAM1,0.0
LINC02128,0.0
BOP1,0.0
HSD17B2-AS1,0.0
TRABD2B,0.0
ZNF728,0.0
FTLP14,0.0
TMEM249,0.0
TBILA,0.0
FAM72C,0.0
TMEM220-AS1,0.0
EFCAB13-DT,0.0
MYZAP,0.0
ROCK1P1,0.0
TMPOP2,0.0
MTCO1P40,0.0
GREP1,0.0
ST3GAL1-DT,0.0
CLEC19A,0.0
DSP-AS1,0.0
EPPK1,0.0
LINC02473,0.0
LINC02516,0.0
LINC02256,0.0
SYNM-AS2,0.0
LINC01978,0.0
MYMX,0.0
C19ORF84,0.0
BCL6-AS1,0.0
PDGFRL2P,0.0
LINC00842,0.0
LINC02795,0.0
LINC01488,0.0
SLC7A2,0.0
MIR924HG,0.0
KCNJ2-AS1,0.0
SEC24AP1,0.0
PNLIPRP2,0.0
LINC01415,0.0
SELENOKP1,0.0
IGFL2-AS1,0.0
CYP2T3P,0.0
BNIP3P27,0.0
ZNF143-AS1,0.0
LINC02560,0.0
ZNF725P,0.0
GABRQ,0.0
SRP14P4,0.0
EIF4A2P1,0.0
SMIM22,0.0
BSG-AS1,0.0
TFPI,0.0
NPBWR1,0.0
DHX9-AS1,0.0
LINC03026,0.0
LINC03124,0.0
LINCADL,0.0
LINC02993,0.0
LCAL1,0.0
H3C3,0.0
CDRT15P4,0.0
CCDC177,0.0
ARHGAP11B,0.0
FIRRM,0.0
CFH,0.0
SEMA3F,0.0
AOC1,0.0
KLHL13,0.0
DBNDD1,0.0
ACAD9-DT,0.0
MILIP,0.0
LINC01140,0.0
DPY19L3-DT,0.0
SNRPGP4,0.0
LINC01775,0.0
LINC01842,0.0
LINC01924,0.0
RNF157-AS1,0.0
SCAT1,0.0
ERFL,0.0
MIR133A1HG,0.0
C1QTNF1-AS1,0.0
KIAA0895LP1,0.0
KRT18P8,0.0
MAPT-AS1,0.0
SNX19P3,0.0
MIR4653,0.0
LINC01910,0.0
KLF14,0.0
GRAMD4P7,0.0
PCAT19,0.0
SLC14A2-AS1,0.0
DOCK6-AS1,0.0
LINC01929,0.0
SOCS3-DT,0.0
GDF10,0.0
NARF-AS1,0.0
SNHG25,0.0
RUNDC3A-AS1,0.0
LINC01028,0.0
CYP4F24P,0.0
CXADRP3,0.0
MIR497HG,0.0
MIR23AHG,0.0
ZNF887P,0.0
LINC02073,0.0
DNAH17-AS1,0.0
GACAT2,0.0
UBE2CP2,0.0
LINC00668,0.0
DSCAS,0.0
CYP4F35P,0.0
KRT8P5,0.0
TMPO-AS1,0.0
LINC02450,0.0
MIR200CHG,0.0
HP,0.0
GPR142,0.0
SNRPEP2,0.0
PPP1R14B-AS1,0.0
SLC5A8,0.0
CHMP4BP1,0.0
ERVV-2,0.0
PDF,0.0
RMB8AP1,0.0
RCCD1-AS1,0.0
SALL3,0.0
ABCC6P1,0.0
TAS2R64P,0.0
SMIM3,0.0
LINC02571,0.0
LINC01152,0.0
C12ORF71BP,0.0
LINC00641,0.0
LINC03080,0.0
GOLGA8VP,0.0
LINC02345,0.0
MAP3K9-DT,0.0
LINC00924,0.0
SMIM6,0.0
PAPLN-AS1,0.0
LINC02823,0.0
LINC02306,0.0
LNCOG,0.0
LINC03088,0.0
NOVA1-DT,0.0
MGAM2,0.0
LINC02463,0.0
LINC02321,0.0
HISLA,0.0
LINC02289,0.0
RNASE4,0.0
LINC02820,0.0
DUX4L27,0.0
LINC02416,0.0
OR13A1,0.0
SNHG9,0.0
LINC02720,0.0
OVOL1-AS1,0.0
LINC02739,0.0
LINC02489,0.0
KRTAP5-9,0.0
DPP3,0.0
ALG1L9P,0.0
LINC02446,0.0
LGR4-AS1,0.0
NECTIN1-DT,0.0
CCND2-AS1,0.0
TIFAB,0.0
KRT8P11,0.0
LINC02747,0.0
LINC01489,0.0
SENCR,0.0
MIR130AHG,0.0
OR7E126P,0.0
LINC02688,0.0
MRPL40P1,0.0
CYP2A6,0.0
ADCY6-DT,0.0
SCAT2,0.0
LINC02356,0.0
MIRLET7IHG,0.0
MGAM,0.0
KIRREL3-AS1,0.0
LINC02389,0.0
PABPC1P4,0.0
CYP2B7P,0.0
TRAV1-1,0.0
ZNF252P-AS1,0.0
B3GAT1-DT,0.0
CD44-DT,0.0
PRSS23-AS1,0.0
HCAR3,0.0
LINC02761,0.0
LCIIAR,0.0
STH,0.0
SZRD1P1,0.0
C10ORF88B,0.0
ZNF888-AS1,0.0
ERVV-1,0.0
CYP4F23P,0.0
LINC01224,0.0
SPIB,0.0
MAGIX,0.0
ZNF350-AS1,0.0
TGFBR3L,0.0
THSD4-AS1,0.0
PPIAP6,0.0
AQP7B,0.0
NR4A1AS,0.0
EHD4-AS1,0.0
SLC22A31,0.0
LINC00933,0.0
FBN1-DT,0.0
ATP2A1-AS1,0.0
SCX,0.0
LDC1P,0.0
TMEM263-DT,0.0
IL21R-AS1,0.0
LINC01711,0.0
CSAG3,0.0
ESPNP,0.0
COX16P1,0.0
LINC00664,0.0
WFDC21P,0.0
LINC01572,0.0
LINC03064,0.0
PLA2G10CP,0.0
CCDC194,0.0
LINC01960,0.0
FBXL19-AS1,0.0
PAPOLA-DT,0.0
TPSP2,0.0
PPIAP46,0.0
LINC02533,0.0
FRRS1L,0.0
CCDC187,0.0
CD2BP2-DT,0.0
LINC02240,0.0
XKR7,0.0
SALRNA1,0.0
TUBB3,0.0
LINC01956,0.0
ARHGAP16P,0.0
LINC01220,0.0
IDH2-DT,0.0
DNM1P47,0.0
UBE2Q2P13,0.0
ALDH1A3-AS1,0.0
COX6CP1,0.0
KRT8P24,0.0
LINC01269,0.0
LINC02308,0.0
HIF1A-AS3,0.0
ARHGAP5-AS1,0.0
LRFN5-DT,0.0
SYNE3-AS1,0.0
RHOXF1-AS1,0.0
DIO3OS,0.0
LINC00640,0.0
LINC00052,0.0
MRC1,0.0
ARNT2-DT,0.0
KRT8P9,0.0
LINC02568,0.0
LINC02352,0.0
RYR3-DT,0.0
LINC01833,0.0
CERS3-AS1,0.0
IRAIN,0.0
SLC30A4-AS1,0.0
TMEM179,0.0
AOC4P,0.0
DDX59-AS1,0.0
LCMT1-AS2,0.0
CRIM1-DT,0.0
MBTPS1-DT,0.0
LINC02130,0.0
TRAV30,0.0
LINC00639,0.0
HNRNPUP1,0.0
FPGT-TNNI3K,0.0
MMP2-AS1,0.0
SNORA11,0.0
SNORD99,0.0
KRT8P42,0.0
H2BC19P,0.0
LINGO3,0.0
PPP1R3G,0.0
TSSC2,0.0
LINC01208,0.0
C1GALT1C1L,0.0
EHMT2-AS1,0.0
OR4K12P,0.0
H2AZP3,0.0
GPC1-AS1,0.0
RAET1K,0.0
LINC01644,0.0
H2AC9P,0.0
KRT19P1,0.0
H4C10P,0.0
PTGES3P2,0.0
SYCE3,0.0
HMGB3P10,0.0
TINCR,0.0
CKMT1A,0.0
TRIM60P17,0.0
SMPD4P1,0.0
LINC02968,0.0
WHAMMP1,0.0
LINC03053,0.0
LINC01615,0.0
MEG9,0.0
EBF2,0.0
IGLV9-49,0.0
WARS2-IT1,0.0
MICOS10P3,0.0
VSTM2A-OT1,0.0
LINC00466,0.0
PITX1-AS1,0.0
SLC12A8,0.0
HMSD,0.0
MAGEA3,0.0
PLXNA4,0.0
LINC01778,0.0
LINC01588,0.0
LINC00243,0.0
SMTNL1,0.0
SRSF9P1,0.0
TUBA5P,0.0
MS4A4E,0.0
CDIPTOSP,0.0
ZNF727,0.0
CPEB1,0.0
LARP1P1,0.0
IGSF23,0.0
H1-12P,0.0
C1ORF167,0.0
THAP3P1,0.0
FOXI3,0.0
CXADRP1,0.0
AZGP1P1,0.0
SPDYE3,0.0
KRT18P10,0.0
ALG3,0.0
MEG3,0.0
LY86-AS1,0.0
CYTOR,0.0
LINC01124,0.0
OR2A1,0.0
FADS3,0.0
TSTD1,0.0
FAM72D,0.0
GCGR,0.0
HMX1,0.0
ARHGEF28,0.0
CES5AP1,0.0
PSMA6P1,0.0
MIR99AHG,0.0
WHAMMP4,0.0
CFAP90,0.0
CIMIP2B,0.0
TAFA5,0.0
HSPA8P15,0.0
H2AC10P,0.0
GAPDHP63,0.0
LINC00598,0.0
LINC01456,0.0
MKRN7P,0.0
MIAT,0.0
LINC02620,0.0
P3H2-AS1,0.0
LINC00092,0.0
TUBAP9,0.0
PSME2P2,0.0
OR52K3P,0.0
KRT8P45,0.0
LINC01058,0.0
LINC01266,0.0
SUV39H2-DT,0.0
GCAWKR,0.0
LINC03057,0.0
MESTIT1,0.0
LINC02018,0.0
KLHDC7B-DT,0.0
TIMMDC1-DT,0.0
LMX1B-DT,0.0
ICMT-DT,0.0
LINC01980,0.0
LINC01703,0.0
CYP4A22-AS1,0.0
CROCC2,0.0
LINC01811,0.0
ZKSCAN8P1,0.0
TMEM191A,0.0
PSPHP1,0.0
GTF2H2B,0.0
TSBP1-AS1,0.0
DOC2B,0.0
AFAP1-AS1,0.0
OR10AH1P,0.0
CD24,0.0
POU2F1-DT,0.0
FGF14-AS2,0.0
BCAN-AS1,0.0
JARID2-DT,0.0
NTF4,0.0
S1PR1-DT,0.0
GAS1RR,0.0
KRT224P,0.0
TACC1P1,0.0
EIPR1-IT1,0.0
EML4-AS1,0.0
CDKN2A-AS1,0.0
LINC00393,0.0
SDHDP6,0.0
LINC02054,0.0
LINC01857,0.0
LINC00853,0.0
INHBA-AS1,0.0
KRT8P8,0.0
PRR15-DT,0.0
CERS1,0.0
LINC01983,0.0
LGALS8-AS1,0.0
LINC02593,0.0
CIAO2AP2,0.0
LINC01087,0.0
LINC02771,0.0
UBE2SP2,0.0
CETN4P,0.0
MTCYBP21,0.0
TEX26-AS1,0.0
MED15P4,0.0
RNPC3-DT,0.0
FGGY-DT,0.0
LINC01117,0.0
RAB6C-AS1,0.0
KRT41P,0.0
RBMS1P1,0.0
EPIC1,0.0
LINC02470,0.0
LINC00365,0.0
CDHR18P,0.0
LAMC1-AS1,0.0
MKRN5P,0.0
C4B,0.0
OACYLP,0.0
RPL12P14,0.0
CHL1-AS2,0.0
LINC02975,0.0
SFTA1P,0.0
SNORD15B,0.0
RNU6-813P,0.0
SNORA14B,0.0
SNORA5A,0.0
SNORA2A,0.0
TRIM71,0.0
VGLL3,0.0
COL6A6,0.0
C4ORF46P1,0.0
LINC00887,0.0
CFAP99,0.0
SERPINB4,0.0
JPT2,0.0
CCNI2,0.0
LINC02898,0.0
SRRM2-AS1,0.0
RAB26,0.0
OR7E91P,0.0
CLEC6A,0.0
ITSN1,0.0
P2RX6P,0.0
IGHV1-45,0.0
IGHV1-24,0.0
IGLV3-1,0.0
IGLV3-9,0.0
IGLV3-10,0.0
IGLV3-12,0.0
IGLV3-19,0.0
IGLV3-21,0.0
IGLV1-47,0.0
MIR27B,0.0
AKR7L,0.0
DIO1,0.0
GPX3,0.0
MT-TF,0.0
SNORD94,0.0
TRAV26-2,0.0
TRAV26-1,0.0
TRDV1,0.0
EXOC3L4,0.0
KRT81,0.0
IGLV6-57,0.0
KRTAP5-10,0.0
MUC21,0.0
PSORS1C2,0.0
MICB,0.0
AARD,0.0
SPIRE2,0.0
PRSS1,0.0
PCDHA5,0.0
PCDHA9,0.0
SMIM45,0.0
FAM83A-AS1,0.0
CD177,0.0
UQCC3,0.0
NAT8B,0.0
IGFL2,0.0
PNMA8B,0.0
COL5A2,0.0
COL11A2,0.0
OXLD1,0.0
PFDN6,0.0
LRRC10B,0.0
ADARB2-AS1,0.0
DPF3,0.0
LINC00898,0.0
LINC01446,0.0
MUC19,0.0
FLRT2-AS1,0.0
C2CD4B,0.0
MROH6,0.0
ST8SIA6-AS1,0.0
SMPD5,0.0
COX17P1,0.0
KRT6A,0.0
CFI,0.0
MT1M,0.0
INSYN1,0.0
MT1H,0.0
TMEM170B,0.0
TTLL10-AS1,0.0
LGR4,0.0
PSENEN,0.0
LINC02716,0.0
ZNF204P,0.0
CYCSP6,0.0
VAC14-AS1,0.0
MTCL3,0.0
GAPDHP71,0.0
GSTM2,0.0
MXD3,0.0
RBMS2P1,0.0
NOC2LP1,0.0
GIMAP1,0.0
IGHV1-69,0.0
MLLT11,0.0
TRIM59,0.0
CRIP1,0.0
DYNLT2B,0.0
ACKR1,0.0
CYP4F30P,0.0
GNAQP1,0.0
FBXO16,0.0
UCA1,0.0
COX20P1,0.0
ASIC3,0.0
PRCD,0.0
TMEM213,0.0
PRDX1P1,0.0
MAGEB1,0.0
MUC5AC,0.0
OR7E122P,0.0
KRT18P11,0.0
RPL7AP26,0.0
PGAM1P7,0.0
STARD10,0.0
ITGA1,0.0
KRT18P17,0.0
CLDN9,0.0
LIPE-AS1,0.0
CEACAM16,0.0
CFL1P5,0.0
KRT8P37,0.0
KPNA4P1,0.0
ADAT3,0.0
KRT8P41,0.0
ZNF726,0.0
IGHA2,0.0
TRDV2,0.0
TRAV39,0.0
CFAP45,0.0
LPAL2,0.0
C1ORF220,0.0
DENND1B,0.0
TRAV18,0.0
TRAV12-3,0.0
RPS15AP36,0.0
TRAV6,0.0
TRAV2,0.0
TRBC2,0.0
TRBV28,0.0
TRBC1,0.0
TRBV20-1,0.0
TRBV5-6,0.0
TRBV6-6,0.0
TRBV7-3,0.0
TRBV6-1,0.0
TRAV9-2,0.0
RNF208,0.0
OR2A42,0.0
LINC02693,0.0
SNORA3B,0.0
SNORA53,0.0
SNORD89,0.0
SNORD17,0.0
PRR22,0.0
IGHV5-78,0.0
IGHV3-73,0.0
IGHE,0.0
GPC2,0.0
HNRNPA1P33,0.0
MAGEA12,0.0
IGHV3-23,0.0
IGHV1-18,0.0
IGHV6-1,0.0
IGHG3,0.0
IGHG1,0.0
IGHG2,0.0
IGHG4,0.0
RPL36P7,0.0
DDX3ILA1,0.0
GTF2I-AS1,0.0
YWHAEP1,0.0
SLC26A4-AS1,0.0
CYP2T1P,0.0
DDX11L10,0.0
TWIST2,0.0
B4GALT1-AS1,0.0
MKNK2P1,0.0
C2CD4D,0.0
PTPRT-DT,0.0
TMEM238,0.0
LINC02802,0.0
EMSLR,0.0
AJM1,0.0
EPB41L1-AS1,0.0
RAD17P1,0.0
LINC02518,0.0
GNG12-AS1,0.0
ASCL5,0.0
LINC00460,0.0
SOD1-DT,0.0
RHOXF1P1,0.0
MAGI2-AS3,0.0
LINC02983,0.0
HOTAIRM1,0.0
CNIH3-AS2,0.0
SNRPEP4,0.0
ARHGEF4-AS1,0.0
MROH3P,0.0
STEAP1B-AS1,0.0
IDH1P1,0.0
LINC02433,0.0
TPRG1-AS1,0.0
NUDT9P1,0.0
KDM3AP1,0.0
UBE2SP1,0.0
KRTAP5-AS1,0.0
TLE1-DT,0.0
LINC01694,0.0
COL4A2-AS1,0.0
LINC01781,0.0
LINC01517,0.0
TONSL-AS1,0.0
CAP1P2,0.0
LRRC8C-DT,0.0
HS1BP3-IT1,0.0
PGM5P4-AS1,0.0
KRT17P3,0.0
CYP21A2,0.0
PCAT7,0.0
DHCR24-DT,0.0
SMIM32,0.0
TP53RK-DT,0.0
ACTG1P22,0.0
ATP2B1-AS1,0.0
LIX1L,0.0
BNIP3P17,0.0
LINC02015,0.0
IGHV4-31,0.0
GORAB-AS1,0.0
WASF5P,0.0
LINC01215,0.0
RNF224,0.0
LINC00702,0.0
HOXB-AS3,0.0
CCDC144NL-AS1,0.0
LINC01399,0.0
PHGR1,0.0
DUX4L50,0.0
CCL5,0.0
UNC5C-AS1,0.0
HLA-DQB2,0.0
C1ORF21-DT,0.0
LINC02104,0.0
LINC01050,0.0
LRRC37A9P,0.0
LPP-AS2,0.0
MARK2P9,0.0
LINC01705,0.0
LINC00665,0.0
ZNF687-AS1,0.0
GOLGA8N,0.0
MMP28,0.0
RRAS2P1,0.0
TRHDE-AS1,0.0
VN1R53P,0.0
TLX1NB,0.0
GACAT3,0.0
SCUBE1-AS2,0.0
RPL26P30,0.0
ELFN1-AS1,0.0
SMIM1,0.0
MCIDAS,0.0
DSCAM-AS1,0.0
ANKRD65,0.0
LINC00940,0.0
LINC00607,0.0
H3P6,0.0
G3BP1P1,0.0
MXRA5Y,0.0
LINC00484,0.0
LINC00494,0.0
NOP56P1,0.0
LINC02532,0.0
LINC02814,0.0
HSPB1P1,0.0
RBMS3-AS3,0.0
LINC02940,0.0
LINC02569,0.0
SNX25P1,0.0
LINC01186,0.0
MYB-AS1,0.0
LINC01010,0.0
VLDLR-AS1,0.0
DLX2-DT,0.0
BAK1P2,0.0
STARD13-AS,0.0
RNF217-AS1,0.0
H3P36,0.0
DBF4P1,0.0
UBE2R2-AS1,0.0
LURAP1L-AS1,0.0
SNORA71B,0.0
NDUFAF4P3,0.0
KRT18P5,0.0
PPIAP3,0.0
DAAM2-AS1,0.0
MNX1-AS2,0.0
PRADX,0.0
DPP10-AS1,0.0
LINC02966,0.0
ACTG1P25,0.0
SHISA8,0.0
RAB17-DT,0.0
AGAP1-IT1,0.0
H2BC15,0.0
BTG2-DT,0.0
SAT1-DT,0.0
CAVIN2-AS1,0.0
MYCNOS,0.0
LINC01239,0.0
FOXP4-AS1,0.0
LINC01287,0.0
RIPOR3-AS1,0.0
NUS1P2,0.0
LINC02599,0.0
CASP4LP,0.0
LINC01524,0.0
SOX9-AS1,0.0
OR7E62P,0.0
GRK3-AS1,0.0
MIR155HG,0.0
LINC02925,0.0
EPN2-AS1,0.0
SPAAR,0.0
LINC02154,0.0
KCNH1-IT1,0.0
LINC01055,0.0
LINC01281,0.0
KDM4E,0.0
DANT2,0.0
HGH1,0.0
LINC01366,0.0
CTBP2P8,0.0
JAZF1-AS1,0.0
BCAS2P2,0.0
LINC01505,0.0
DNM1P51,0.0
GRASLND,0.0
SNX19P1,0.0
HNRNPA1P21,0.0
CASP16P,0.0
LINC01649,0.0
FALEC,0.0
LINC01740,0.0
LYPLAL1-DT,0.0
NGF-AS1,0.0
LINC02613,0.0
LINC01429,0.0
LINC01359,0.0
SMYD3-AS1,0.0
ARHGAP29-AS1,0.0
PPP1CB-DT,0.0
LINC02774,0.0
WAPL-DT,0.0
GRAMD4P1,0.0
CALR4P,0.0
LINC00355,0.0
MTND5P1,0.0
ROCR,0.0
EPHA2-AS1,0.0
LINC01341,0.0
HOTAIR,0.0
CLDN25,0.0
FNDC10,0.0
MIR4432HG,0.0
CCDC183-AS1,0.0
LYPLAL1-AS1,0.0
LINC00578,0.0
LNCEGFL7OS,0.0
MX1-AS1,0.0
OR2S1P,0.0
FAM174C,0.0
PCAT6,0.0
ORM2,0.0
HPN-AS1,0.0
SPANXB1,0.0
GAPDHP1,0.0
HCG11,0.0
RRAGC-DT,0.0
TEX22,0.0
RPL6P4,0.0
FGF13-AS1,0.0
RWDD3-DT,0.0
LINC02660,0.0
SIMALR,0.0
HAR1A,0.0
SUGT1P1,0.0
LINC00840,0.0
HNRNPA1P14,0.0
LINC02611,0.0
OAZ1P1,0.0
C7ORF78,0.0
LINC03086,0.0
SHANK2-AS1,0.0
LINC02848,0.0
PDE9A-AS1,0.0
CADM3-AS1,0.0
KCNMA1-AS3,0.0
ZNF469,0.0
LCT-AS1,0.0
CERS6-AS1,0.0
LINC03013,0.0
LINC01624,0.0
LTB,0.0
LINC01537,0.0
ATP5MC1P4,0.0
FTOP1,0.0
LINC01748,0.0
LINC02542,0.0
LAMA4-AS1,0.0
BSN-DT,0.0
TRPS1-AS1,0.0
IL21-AS1,0.0
LINC02798,0.0
LINC00511,0.0
SLC8A1-AS1,0.0
LTA,0.0
NCKAP5-AS2,0.0
IL9RP3,0.0
PDZPH1P,0.0
RPL19P4,0.0
HAGLROS,0.0
DLX6-AS1,0.0
DLG3-AS1,0.0
LUARIS,0.0
SLC47A1P2,0.0
ADGRB3-DT,0.0
STMND1,0.0
FOXD3-AS1,0.0
PSAT1P3,0.0
KRT8P7,0.0
SNHG26,0.0
LINC02580,0.0
GTF2IRD1P1,0.0
LINC03004,0.0
COL6A4P1,0.0
MKX-AS1,0.0
VAV3-AS1,0.0
CFAP58-DT,0.0
PDK4-AS1,0.0
KLF3-AS1,0.0
PROX1-AS1,0.0
APPAT,0.0
SBK3,0.0
ZSWIM5P2,0.0
LINC02884,0.0
KLF2P1,0.0
MTND4P24,0.0
LINC00867,0.0
DCST1-AS1,0.0
LINC01697,0.0
MRPL35P2,0.0
LINC01354,0.0
SILC1,0.0
LNCAROD,0.0
LINC01508,0.0
LINC01436,0.0
NPM1P9,0.0
NEK2-DT,0.0
SCTR-AS1,0.0
CDC20P1,0.0
LINC00160,0.0
MIR205HG,0.0
LINC01063,0.0
LINC00858,0.0
ORM1,0.0
LINC00377,0.0
CCDC26,0.0
LINC02587,0.0
LINC01788,0.0
LNCTSI,0.0
XPC-AS1,0.0
KRT223P,0.0
ANKRD18B,0.0
LINC01344,0.0
NECTIN4-AS1,0.0
EEF1DP1,0.0
ATP5MFP2,0.0
MIR4500HG,0.0
THRB-AS1,0.0
LINC02577,0.0
SRGAP3-AS2,0.0
LINC00659,0.0
TTC3-AS1,0.0
LINC02607,0.0
LINC00595,0.0
LINC00856,0.0
GOLGA6L5P,0.0
FEZF1-AS1,0.0
ELOVL2-AS1,0.0
LINC02641,0.0
LINC02028,0.0
HSPD1P6,0.0
TRPM2-AS,0.0
MIR181A1HG,0.0
DNPEP-AS1,0.0
TFAP2A-AS1,0.0
DPP4-DT,0.0
MTCO1P53,0.0
EMX2OS,0.0
UBE2Q1-AS1,0.0
CXCR2P1,0.0
MYOSLID,0.0
PRAC2,0.0
MBNL1-AS1,0.0
NKX1-2,0.0
BCAN-AS2,0.0
GRB14,0.0
PCSK4,0.0
REEP6,0.0
PDE1A,0.0
FNDC4,0.0
CENPA,0.0
CCL20,0.0
RTKN,0.0
CLCN2,0.0
GLYATL1,0.0
ABCC5,0.0
PEX5L,0.0
RASGRF2,0.0
CISH,0.0
PLSCR4,0.0
CFAP92,0.0
CSPG5,0.0
PODXL2,0.0
C3ORF52,0.0
GBE1,0.0
TNNC1,0.0
WLS,0.0
PLA2G4A,0.0
PROC,0.0
PASK,0.0
MLPH,0.0
SMYD1,0.0
PRKAG3,0.0
HSPE1,0.0
OTX1,0.0
CLIP4,0.0
ELMOD3,0.0
STAT1,0.0
FN1,0.0
EFEMP1,0.0
ACADL,0.0
TACR1,0.0
MARK1,0.0
AMOTL2,0.0
SPTBN1,0.0
TLX2,0.0
EHBP1,0.0
LMNB1,0.0
UST,0.0
SASH1,0.0
IL12B,0.0
PCDHB15,0.0
PDE8B,0.0
GZMK,0.0
HBEGF,0.0
MRPS30,0.0
CYB561D2,0.0
GHR,0.0
SEMA5A,0.0
TBX18,0.0
ENPP5,0.0
CLIC5,0.0
LAMA4,0.0
OAS3,0.0
GSG1,0.0
BYSL,0.0
C6ORF118,0.0
KIF20A,0.0
HYAL1,0.0
ECT2,0.0
PFKFB4,0.0
LRRC31,0.0
KAT2B,0.0
RBP1,0.0
RBP2,0.0
TTK,0.0
DNPH1,0.0
HGD,0.0
ARRDC3,0.0
SMC4,0.0
EHHADH,0.0
UNC5A,0.0
MACROH2A1,0.0
LIFR,0.0
NR3C1,0.0
PRLR,0.0
AGXT2,0.0
SLC27A6,0.0
NPR3,0.0
BCL6,0.0
PLPPR4,0.0
PPL,0.0
STBD1,0.0
SPP1,0.0
F3,0.0
TSPAN1,0.0
PTCH2,0.0
ATP6V0B,0.0
ARTN,0.0
QPCT,0.0
CDC20,0.0
SLC2A1,0.0
CR2,0.0
GALE,0.0
GPR89A,0.0
KIF17,0.0
PLA2G2D,0.0
B4GALT6,0.0
KIF14,0.0
SLC8A2,0.0
MPL,0.0
SLC16A7,0.0
SGK1,0.0
MYB,0.0
PLAGL1,0.0
ADGB,0.0
CNR1,0.0
FILIP1,0.0
KLHL29,0.0
GPR75,0.0
SERPINC1,0.0
APOA1,0.0
MMP8,0.0
TREH,0.0
CTSD,0.0
MUC5B,0.0
CHRNB4,0.0
POLR1G,0.0
PROX1,0.0
NEK2,0.0
STMN1,0.0
RHOQ,0.0
KCNC4,0.0
OPRD1,0.0
CHD5,0.0
ANGPTL1,0.0
RALGPS2,0.0
PAPPA2,0.0
TPSG1,0.0
SSX2IP,0.0
PARD3B,0.0
ACTL8,0.0
GRIN3B,0.0
CD207,0.0
EPAS1,0.0
KISS1R,0.0
PCYOX1,0.0
RND3,0.0
SLC1A4,0.0
SDC1,0.0
LCT,0.0
DLX2,0.0
VAX2,0.0
KDM5B,0.0
MFAP2,0.0
ADGRL2,0.0
RIMS3,0.0
KMO,0.0
BMP8B,0.0
TMEM9,0.0
NR5A2,0.0
CD2,0.0
AGMAT,0.0
SCAMP3,0.0
RPE65,0.0
PLPPR5,0.0
HSD11B1,0.0
TNFSF4,0.0
PRG4,0.0
LEPR,0.0
FBXO6,0.0
LAMTOR2,0.0
RHOU,0.0
DLGAP3,0.0
AMPD1,0.0
LHX2,0.0
SLC1A1,0.0
DKK1,0.0
MAP3K8,0.0
NEURL1,0.0
KAZALD1,0.0
TLX1,0.0
ACTA2,0.0
VSIR,0.0
QKI,0.0
UNC5B,0.0
CUBN,0.0
CXCL12,0.0
ATRNL1,0.0
PTPRZ1,0.0
NUDT1,0.0
NPTX2,0.0
HSPB1,0.0
TYRP1,0.0
CA9,0.0
CDH23,0.0
DLX4,0.0
EZH1,0.0
HSD17B1,0.0
GATA3,0.0
SH3GL2,0.0
APBA1,0.0
MPDZ,0.0
SYNGR2,0.0
ICAM2,0.0
CNTNAP3,0.0
RASD1,0.0
ENO3,0.0
HOXB6,0.0
KRT37,0.0
ASPA,0.0
RAPGEFL1,0.0
PSMD3,0.0
CSF3,0.0
RUNDC3A,0.0
PRUNE2,0.0
SLC6A4,0.0
AP1S1,0.0
TFR2,0.0
SLC5A5,0.0
TFPT,0.0
MAST1,0.0
KLF1,0.0
CCL24,0.0
STX1A,0.0
ABHD11,0.0
ELAVL2,0.0
CPED1,0.0
HOXA6,0.0
HOXA5,0.0
HOXA3,0.0
HOXA2,0.0
MET,0.0
CAV1,0.0
MEIS3,0.0
ATP1A3,0.0
CEACAM5,0.0
EVX1,0.0
KANK1,0.0
RLN2,0.0
AMBP,0.0
LHX6,0.0
TLE4,0.0
ECM2,0.0
ASPN,0.0
OGN,0.0
CORO2A,0.0
CAV2,0.0
EZH2,0.0
PTN,0.0
DLX5,0.0
LIMK1,0.0
MYL7,0.0
AEBP1,0.0
AGR2,0.0
RARRES2,0.0
TSPAN13,0.0
MEOX2,0.0
MEST,0.0
ADAP1,0.0
TBC1D30,0.0
ADGRD1,0.0
RERGL,0.0
OAS2,0.0
FAM149A,0.0
HGFAC,0.0
BST1,0.0
ALDH2,0.0
RAD51AP1,0.0
COL1A1,0.0
TNS2,0.0
ACSS3,0.0
KRT18,0.0
CYP27B1,0.0
SYT10,0.0
VWF,0.0
TCIRG1,0.0
SLC35F2,0.0
SLC22A18,0.0
VTN,0.0
PRMT8,0.0
PACRG,0.0
EPM2A,0.0
SOBP,0.0
GPLD1,0.0
COL9A1,0.0
BVES,0.0
SIM1,0.0
FHL5,0.0
BACH2,0.0
BMP5,0.0
IFNG,0.0
SCGB2A2,0.0
NCOA7,0.0
FAM184A,0.0
NEDD9,0.0
COL12A1,0.0
AICDA,0.0
ENO2,0.0
CDCA3,0.0
CHD4,0.0
TIMELESS,0.0
MDK,0.0
GALNT7,0.0
TBC1D9,0.0
MAPK10,0.0
CRACD,0.0
NMU,0.0
CWH43,0.0
ALDOC,0.0
TMEM97,0.0
DNAJC12,0.0
MYH3,0.0
SORCS1,0.0
EBF3,0.0
MYH1,0.0
RCVRN,0.0
MAP2K6,0.0
EFNB3,0.0
SLC16A6,0.0
HLF,0.0
LRRC59,0.0
SGCA,0.0
UBE2S,0.0
NHERF1,0.0
CD5,0.0
SLC1A2,0.0
UPK2,0.0
HPX,0.0
CCKBR,0.0
CCND1,0.0
ST3GAL4,0.0
MS4A4A,0.0
B3GAT1,0.0
SOD3,0.0
CRYAB,0.0
PPARGC1A,0.0
NCAPG,0.0
CCL2,0.0
CCL7,0.0
ASIC2,0.0
NKX3-2,0.0
SH3D19,0.0
NEIL3,0.0
TRIM2,0.0
ZBTB16,0.0
IFI6,0.0
PRKCG,0.0
WNK4,0.0
GNG11,0.0
VIL1,0.0
IL17B,0.0
KDM4B,0.0
GNG13,0.0
CHTF18,0.0
VAMP8,0.0
WFIKKN1,0.0
SYNGR3,0.0
NECAB3,0.0
CITED1,0.0
FAM110A,0.0
OTOR,0.0
LRRC61,0.0
PTPRB,0.0
ATP13A4,0.0
MASP1,0.0
WDR24,0.0
FLNC,0.0
FOXP2,0.0
VGF,0.0
CPA4,0.0
GFER,0.0
OR7C1,0.0
KLF2,0.0
PLA2G5,0.0
AUNIP,0.0
TIMM17B,0.0
ADORA2A,0.0
MGAT3,0.0
GAL3ST1,0.0
SDF2L1,0.0
VPREB3,0.0
ASPHD2,0.0
ADM2,0.0
KDR,0.0
ZFP36,0.0
RHOJ,0.0
BAIAP2L2,0.0
TREM1,0.0
DNAH8,0.0
APOBEC2,0.0
SPDEF,0.0
OR2B6,0.0
TCF15,0.0
LRRN4,0.0
PCSK2,0.0
BMP2,0.0
TRAF2,0.0
SNRPB,0.0
NKX2-2,0.0
PAX1,0.0
CD93,0.0
FOSB,0.0
HIF3A,0.0
IL17C,0.0
XG,0.0
IL9R,0.0
CHST8,0.0
NRSN2,0.0
EDN2,0.0
FGD3,0.0
TMEM35A,0.0
AVPR2,0.0
PZP,0.0
DLGAP5,0.0
C3,0.0
PPDPF,0.0
FNDC11,0.0
SRMS,0.0
ROMO1,0.0
STAT5A,0.0
TSKS,0.0
BCL2L12,0.0
CCR7,0.0
KIRREL2,0.0
SLURP1,0.0
PROZ,0.0
F10,0.0
GRPR,0.0
BPIFB1,0.0
MBOAT7,0.0
LSM4,0.0
IQCN,0.0
GDF15,0.0
KLHDC7B,0.0
UNC13A,0.0
RNASE1,0.0
EGLN3,0.0
FOXA1,0.0
USHBP1,0.0
CCDC136,0.0
KIF1A,0.0
NCAN,0.0
ATP8B3,0.0
DPP6,0.0
LRCH2,0.0
GADD45G,0.0
TOMM40,0.0
CNN1,0.0
ANGPTL8,0.0
GDPD2,0.0
BST2,0.0
DNMT1,0.0
ANGPTL6,0.0
SMPDL3B,0.0
ARHGEF16,0.0
NPAS1,0.0
METTL26,0.0
FIBCD1,0.0
PRDM12,0.0
RBBP8NL,0.0
HRC,0.0
NALF2,0.0
STARD8,0.0
CALY,0.0
COL5A1,0.0
TNNT3,0.0
SAMD10,0.0
HELZ2,0.0
SAG,0.0
CRB3,0.0
SULT4A1,0.0
GATA5,0.0
DNAAF11,0.0
ATP1B2,0.0
TXNDC17,0.0
USP6,0.0
PIMREG,0.0
E2F8,0.0
TPH1,0.0
KCNC1,0.0
BBOX1,0.0
LOXL1,0.0
GNAI1,0.0
FGL2,0.0
GNGT1,0.0
ALDH1A2,0.0
ELL3,0.0
TMOD2,0.0
HOXD13,0.0
GAD1,0.0
PDE11A,0.0
MRPS12,0.0
LRFN1,0.0
CHAC1,0.0
KNSTRN,0.0
GALNT8,0.0
PRRG3,0.0
TNNI3,0.0
SYT5,0.0
LBP,0.0
PLPPR3,0.0
PGAP6,0.0
SGO1,0.0
AP1M2,0.0
MAP7D3,0.0
ARHGEF6,0.0
FOXJ1,0.0
CDO1,0.0
KRT17,0.0
RIBC2,0.0
APOBEC3A,0.0
C22ORF23,0.0
ADCY4,0.0
CDKN2D,0.0
CDKN1C,0.0
NCAPH,0.0
TEX14,0.0
LYPLA1,0.0
DUXB,0.0
TRBV25-1,0.0
TRBD1,0.0
IGHV7-4-1,0.0
IGHV1-69-2,0.0
LINC00891,0.0
ZBP1,0.0
PACRG-AS1,0.0
TNFSF11,0.0
IQSEC3,0.0
TEX11,0.0
TP53AIP1,0.0
GPR31,0.0
CENPL,0.0
ARAP3,0.0
MYCT1,0.0
GRIA2,0.0
LINC01230,0.0
TWIST1,0.0
SAMD12-AS1,0.0
LSINCT5,0.0
LINC00506,0.0
LINC01338,0.0
PTENP1-AS,0.0
LINC00628,0.0
FOXCUT,0.0
ZNF205,0.0
KCNJ8,0.0
OPN4,0.0
LDB3,0.0
MYOG,0.0
FMOD,0.0
OBP2A,0.0
PAEP,0.0
CRY2,0.0
KIF18A,0.0
CD80,0.0
PDZRN3,0.0
PRXL2A,0.0
GPR68,0.0
ONECUT2,0.0
CSF3R,0.0
NR4A3,0.0
DYNC2I2,0.0
CTNNAL1,0.0
TRIM67,0.0
ITGB1BP1,0.0
ECRG4,0.0
TMEM54,0.0
TRPM6,0.0
PCDH17,0.0
MOB3B,0.0
TEK,0.0
DUSP1,0.0
HOXB1,0.0
ABCG2,0.0
PKD2,0.0
CASQ2,0.0
GHRH,0.0
KLF9,0.0
CPXM2,0.0
HCRTR1,0.0
ADGRB2,0.0
GJA3,0.0
CAT,0.0
DEPDC7,0.0
HOXB5,0.0
KCNIP2,0.0
AVPI1,0.0
HELLS,0.0
SPART-AS1,0.0
IFIT2,0.0
NKX2-3,0.0
ELOVL3,0.0
EPCAM,0.0
CNRIP1,0.0
TNFRSF8,0.0
ADRA1A,0.0
SOCS2,0.0
EGR1,0.0
SMAD9,0.0
CUTC,0.0
GRM4,0.0
F13A1,0.0
NDP,0.0
LYPD3,0.0
LRP1,0.0
HOXC13,0.0
PDE1B,0.0
NR4A1,0.0
MMP19,0.0
RECK,0.0
PCK1,0.0
KCNK15,0.0
BCAS4,0.0
CIMIP1,0.0
PPP4R1L,0.0
PTGIS,0.0
EDN3,0.0
GDAP1L1,0.0
PARD6B,0.0
SLC12A5,0.0
ITIH5,0.0
MYH2,0.0
KIF25,0.0
GPR18,0.0
MT1G,0.0
AHNAK,0.0
SCGB1D2,0.0
RAB17,0.0
RUNX2,0.0
NRN1,0.0
KLHL31,0.0
TRERF1,0.0
WFDC3,0.0
FAM124B,0.0
INHA,0.0
CHPF,0.0
CKS2,0.0
H2BC11,0.0
MOCS1,0.0
RPS10,0.0
H1-3,0.0
PACSIN1,0.0
PREX1,0.0
GIPC1,0.0
DDX39A,0.0
NECAB1,0.0
SSPN,0.0
BHLHE41,0.0
CDKN2C,0.0
XPNPEP2,0.0
RASL11A,0.0
FLT3,0.0
ACADS,0.0
CXCR4,0.0
GPSM2,0.0
HPCA,0.0
CSMD2,0.0
AKR1D1,0.0
CNTFR,0.0
DCAF10,0.0
DNAI1,0.0
ACO1,0.0
SPINK4,0.0
SV2C,0.0
CIT,0.0
ZWINT,0.0
P4HA1,0.0
EGR2,0.0
CHST3,0.0
PLAU,0.0
G0S2,0.0
ACVR1C,0.0
HJURP,0.0
STIL,0.0
ATP7B,0.0
NFE2,0.0
HOXC11,0.0
ARL4A,0.0
HOXA7,0.0
HYCC1,0.0
NXPH1,0.0
CBX3,0.0
PTGFR,0.0
CENPK,0.0
GUCY1B2,0.0
HOXC12,0.0
ARHGAP10,0.0
TRPM5,0.0
SLC12A3,0.0
EPHA8,0.0
CAMK2A,0.0
PTPN21,0.0
FRMPD1,0.0
POLB,0.0
SPTB,0.0
CD79A,0.0
HES2,0.0
PLA2G10,0.0
TGFBR3,0.0
DRD4,0.0
HMG20B,0.0
BCAS1,0.0
ABCC9,0.0
ADGRF5,0.0
PITX1,0.0
PYGM,0.0
SCT,0.0
ABCB11,0.0
FERMT2,0.0
LLGL2,0.0
TP63,0.0
MCM2,0.0
CYP2W1,0.0
IRAG1,0.0
TRHDE,0.0
HMMR,0.0
KIF26A,0.0
TFRC,0.0
SPEG,0.0
ASIC4,0.0
LIMS2,0.0
SLC6A15,0.0
CYBRD1,0.0
MYO3B,0.0
PRLH,0.0
ATP6AP1,0.0
KLF6,0.0
SREBF1,0.0
NTHL1,0.0
CALCRL,0.0
CBLN4,0.0
PTPRN,0.0
LAMA3,0.0
SNCAIP,0.0
LPAR2,0.0
NGFR,0.0
ATP2C2,0.0
REEP1,0.0
CCN5,0.0
DLX3,0.0
LIMCH1,0.0
SEZ6,0.0
DGAT2,0.0
SPAG4,0.0
COL11A1,0.0
YBX3,0.0
LAMC3,0.0
SLC4A8,0.0
DMRT3,0.0
PRR11,0.0
ACSL4,0.0
IFI35,0.0
FGFR3,0.0
ATP2B3,0.0
ROGDI,0.0
SYT1,0.0
PLPP1,0.0
PSD,0.0
ALDH18A1,0.0
GLP2R,0.0
MPPED2,0.0
ASPM,0.0
TIE1,0.0
CTNNA2,0.0
MTHFD2,0.0
COL17A1,0.0
PACC1,0.0
MYLK,0.0
ERBB3,0.0
MCM10,0.0
ATP2B4,0.0
EPB41L2,0.0
PGM1,0.0
KIF22,0.0
PAFAH1B3,0.0
WNT11,0.0
ABCB1,0.0
LIPE,0.0
DUSP13B,0.0
RAPGEF3,0.0
PTGS2,0.0
SP140,0.0
SLC1A3,0.0
RUNX1T1,0.0
BPIFB2,0.0
MYH7B,0.0
BRINP1,0.0
ITM2A,0.0
P2RY10,0.0
ADCYAP1R1,0.0
EDN1,0.0
TNS1,0.0
NKAIN1,0.0
FAM234B,0.0
EPYC,0.0
P2RX5,0.0
TRPM3,0.0
LINC01587,0.0
OPRK1,0.0
COBLL1,0.0
IL12RB2,0.0
DCT,0.0
AURKA,0.0
LPCAT2,0.0
PCDHGA2,0.0
PCDHB4,0.0
CDC14B,0.0
MEF2C,0.0
CDH7,0.0
CXCL2,0.0
NDC80,0.0
CRYBG3,0.0
RFX2,0.0
PAX2,0.0
TUBA3D,0.0
WDR62,0.0
PLD1,0.0
CACNG4,0.0
CACNG5,0.0
CELSR1,0.0
GTSE1,0.0
SEMA3A,0.0
HOXA9,0.0
TRIP13,0.0
MYDGF,0.0
SLC12A1,0.0
SCARF1,0.0
MGLL,0.0
CA12,0.0
ATP2A3,0.0
CDHR2,0.0
PPP2R2C,0.0
MRPS34,0.0
KCNQ2,0.0
FAP,0.0
WSCD2,0.0
LAMP3,0.0
FBLN1,0.0
SMC1B,0.0
JADE1,0.0
NAALAD2,0.0
ACTN2,0.0
APBB1IP,0.0
SPAG6,0.0
MCM6,0.0
UBE2T,0.0
STXBP2,0.0
CAMSAP3,0.0
MCAM,0.0
TRAF4,0.0
PANX2,0.0
ACACB,0.0
TPD52,0.0
SPAG5,0.0
RBMS2,0.0
PPP1R12B,0.0
RPUSD1,0.0
PAX6,0.0
SCN4A,0.0
CEACAM7,0.0
GAS7,0.0
SLC13A2,0.0
DNAH9,0.0
MYH13,0.0
PLAUR,0.0
NFE2L3,0.0
DPF1,0.0
SEMA3G,0.0
ETV7,0.0
MLXIPL,0.0
MASP2,0.0
PAX7,0.0
CACNA1G,0.0
CX3CL1,0.0
TAC1,0.0
TMEM132A,0.0
SYT7,0.0
SAMD4A,0.0
ADGRA2,0.0
SYT13,0.0
PRDM11,0.0
PHLDB1,0.0
TENM1,0.0
REV3L,0.0
MAPK8IP2,0.0
MMP25,0.0
SLC7A14,0.0
AASS,0.0
CELSR3,0.0
DPEP1,0.0
ZC3H3,0.0
POLA2,0.0
TACC3,0.0
CD6,0.0
GPRC5A,0.0
SLC25A39,0.0
CLDN11,0.0
MGST1,0.0
BAIAP2L1,0.0
DLX6,0.0
TNFRSF12A,0.0
PANO1,0.0
COPG2IT1,0.0
MPO,0.0
PRKAR2B,0.0
THSD7A,0.0
MEOX1,0.0
ITGAL,0.0
SKAP2,0.0
PRSS22,0.0
CALCR,0.0
ARX,0.0
ZMYND10,0.0
PDK4,0.0
HSPB6,0.0
FKBP4,0.0
H3C2,0.0
TNMD,0.0
HOXA11,0.0
MYCBP2,0.0
WDR54,0.0
CYB561,0.0
CAMK1G,0.0
SYN1,0.0
E2F2,0.0
SELE,0.0
PIGQ,0.0
BAIAP3,0.0
CACNA2D2,0.0
ETV1,0.0
EEF1AKMT4,0.0
PERCC1,0.0
C2ORF81,0.0
LINC02767,0.0
SCO2,0.0
PRR33,0.0
SCIN,0.0
GTF2IRD1,0.0
DBF4,0.0
GGCT,0.0
SLC7A14-AS1,0.0
PRSS8,0.0
THOC3,0.0
POLQ,0.0
RAD51,0.0
HOMER3,0.0
TNIP3,0.0
PTGER3,0.0
CYP46A1,0.0
MYOM2,0.0
CPS1,0.0
FOXP3,0.0
RFC2,0.0
EPN3,0.0
TNFRSF9,0.0
UTS2,0.0
ADAMTS6,0.0
CELF2,0.0
LMO3,0.0
ROS1,0.0
ARHGAP6,0.0
STAP1,0.0
RASGRF1,0.0
LAMC2,0.0
TMCC3,0.0
F7,0.0
SERPINB3,0.0
GYG2,0.0
PHF21B,0.0
NPFFR2,0.0
CCDC85A,0.0
CYFIP2,0.0
ALX4,0.0
RELT,0.0
CHRDL2,0.0
GPM6B,0.0
ADRB1,0.0
ZIC2,0.0
NRIP2,0.0
NNAT,0.0
METTL24,0.0
FOXN3,0.0
FSTL4,0.0
KCNH2,0.0
MYOC,0.0
TMSB10,0.0
CLXN,0.0
APBA2,0.0
FUT8,0.0
ARHGAP31,0.0
BAK1,0.0
HMGB3,0.0
IBSP,0.0
PREX2,0.0
CALCOCO1,0.0
BRCA1,0.0
GABRA3,0.0
ZBTB32,0.0
CEP68,0.0
ANLN,0.0
DEPDC1,0.0
EHD2,0.0
NLRP2,0.0
FHL1,0.0
SH2D2A,0.0
MAGEC2,0.0
KCNG1,0.0
VIM,0.0
TYMP,0.0
RRAGD,0.0
TG,0.0
CAPG,0.0
RETSAT,0.0
MYO16,0.0
RTN4R,0.0
DEPDC1B,0.0
VCAN,0.0
TLL1,0.0
FLT4,0.0
RPL26L1,0.0
USP2,0.0
ATP1A2,0.0
SLC11A1,0.0
SLC38A5,0.0
IGF1,0.0
CLCA4,0.0
C6,0.0
TIMP1,0.0
FAM238C,0.0
MIR4483,0.0
LINC02009,0.0
LINC02341,0.0
PRRT1B,0.0
PRIM2BP,0.0
PET100P1,0.0
SMIM33,0.0
APOB,0.0
SRPX,0.0
CHRDL1,0.0
AMMECR1,0.0
RHOXF1,0.0
MID1,0.0
GPR143,0.0
STS,0.0
VSIG1,0.0
MXRA5,0.0
MEDAG,0.0
C13ORF46,0.0
FRG1FP,0.0
LINC02635,0.0
TRBV7-2,0.0
RHOXF1P3,0.0
TEX13C,0.0
CRYM,0.0
RHBDL1,0.0
METRN,0.0
SLC7A5,0.0
GABRE,0.0
HAGHL,0.0
CIAO3,0.0
ESRP2,0.0
HAS3,0.0
NME3,0.0
CENPI,0.0
ZDHHC15,0.0
KLF8,0.0
MAGED2,0.0
ITIH6,0.0
ANTKMT,0.0
RPS10P5,0.0
SLC52A3,0.0
TRIB3,0.0
ISM1,0.0
CDC25B,0.0
SPEF1,0.0
PTK6,0.0
EEF1A2,0.0
NOL4,0.0
SGCG,0.0
LAMA1,0.0
MYOM1,0.0
CDH20,0.0
CELF4,0.0
TNNC2,0.0
NTSR1,0.0
HRH3,0.0
SALL4,0.0
RIMS4,0.0
RAB5IF,0.0
RNF125,0.0
CAB39L,0.0
TNFSF13B,0.0
HTR2A,0.0
TAF7L,0.0
DRP2,0.0
SYNDIG1,0.0
FAM83D,0.0
PPP1R16B,0.0
WFDC2,0.0
CST4,0.0
ANGPT4,0.0
E2F1,0.0
PAK5,0.0
MYL9,0.0
CD99L2,0.0
SMS,0.0
PCSK1N,0.0
SLC35A2,0.0
ZC3H12B,0.0
BMX,0.0
SYP,0.0
CST9L,0.0
SYNGR4,0.0
GRIN2D,0.0
CNFN,0.0
SQLE,0.0
PYCR3,0.0
GFUS,0.0
GSDMD,0.0
NCALD,0.0
APLP1,0.0
H2BC6-AS1,0.0
ZFR2,0.0
FSD1,0.0
TBCB,0.0
PRX,0.0
CCNE1,0.0
SLC1A6,0.0
CASP14,0.0
RP1,0.0
ZDHHC2,0.0
PDGFRL,0.0
TJP3,0.0
BBC3,0.0
DNAH11,0.0
RASA4,0.0
SIPA1L3,0.0
HPN,0.0
LSR,0.0
MAG,0.0
COPE,0.0
UPK1A,0.0
ISYNA1,0.0
CLEC11A,0.0
EPHX3,0.0
ASF1B,0.0
NOVA2,0.0
LILRB5,0.0
RASIP1,0.0
FAM83E,0.0
CAPS,0.0
HAS1,0.0
LIG1,0.0
ODAD1,0.0
RAB3A,0.0
POP1,0.0
LAPTM4B,0.0
SFRP1,0.0
TRPA1,0.0
CA2,0.0
ZNF423,0.0
CBLN1,0.0
NFAT5,0.0
CORO1A,0.0
OIP5,0.0
ATP8B4,0.0
ZNF106,0.0
CEMIP,0.0
RASL12,0.0
CORO2B,0.0
KNOP1,0.0
SLC6A2,0.0
TMC5,0.0
SYT17,0.0
IL21R,0.0
MSLN,0.0
ENTREP2,0.0
IL4I1,0.0
RETN,0.0
AMH,0.0
RNASEH2A,0.0
SLC17A7,0.0
CKM,0.0
PPP1R37,0.0
TUBB4A,0.0
DHDH,0.0
GDAP1,0.0
MCM4,0.0
MAZ,0.0
PYCARD,0.0
QPRT,0.0
TOX3,0.0
ELOB,0.0
PRSS33,0.0
SPAG1,0.0
TRPS1,0.0
ESRP1,0.0
TULP2,0.0
MYH7,0.0
CMA1,0.0
CCDC80,0.0
CD200,0.0
ESR1,0.0
CPA1,0.0
ORC6,0.0
NLRP1,0.0
TLL2,0.0
MYBL2,0.0
EPB41L4B,0.0
FMO2,0.0
SLC26A3,0.0
NRCAM,0.0
POU4F3,0.0
NAT14,0.0
DLL3,0.0
KIF4A,0.0
CD209,0.0
CHRD,0.0
NANS,0.0
MMP11,0.0
SERPIND1,0.0
CDC6,0.0
KRT31,0.0
ECHDC1,0.0
VNN3P,0.0
CDC45,0.0
GPATCH2,0.0
DPYSL2,0.0
CEBPE,0.0
CLSPN,0.0
EZR,0.0
COL9A3,0.0
TBX15,0.0
NRP1,0.0
ERMP1,0.0
ABLIM1,0.0
PCSK5,0.0
DAZL,0.0
SLC7A8,0.0
UNC13D,0.0
ABCC6,0.0
MT3,0.0
CETP,0.0
BAX,0.0
MYBPC2,0.0
PPEF1,0.0
FAT2,0.0
CEACAM6,0.0
EPDR1,0.0
THPO,0.0
RAD54L,0.0
ORC1,0.0
TTC39A,0.0
LTBP4,0.0
OTUB2,0.0
LAG3,0.0
BIRC5,0.0
IGSF9,0.0
MECOM,0.0
EFR3B,0.0
NME8,0.0
P3H2,0.0
LYZ,0.0
IRAK3,0.0
CAPN3,0.0
WDR76,0.0
TYRO3,0.0
SEMA6A,0.0
GRAMD1A,0.0
NOS1,0.0
CHGB,0.0
MAP3K20,0.0
SIRPG,0.0
TESC,0.0
DNAAF9,0.0
SLC15A1,0.0
PDRG1,0.0
FER1L4,0.0
TPX2,0.0
DNMT3B,0.0
TF,0.0
SMPX,0.0
OAS1,0.0
ARFGAP1,0.0
NKAIN4,0.0
SLC17A9,0.0
MRGBP,0.0
PVALB,0.0
CACNA1I,0.0
CABP7,0.0
CBX7,0.0
TTLL12,0.0
GSTT2,0.0
APOBEC3H,0.0
BIK,0.0
NEFH,0.0
RASL10A,0.0
PLTP,0.0
REC8,0.0
PSME2,0.0
EMC9,0.0
DHRS2,0.0
PCNX1,0.0
RASD2,0.0
SGK2,0.0
GINS1,0.0
ABHD12,0.0
MMP9,0.0
CCM2L,0.0
MYLK2,0.0
SNPH,0.0
HM13,0.0
PROKR2,0.0
RSPO4,0.0
COL20A1,0.0
TCL1A,0.0
SLC8A3,0.0
ASB2,0.0
SIX4,0.0
CHGA,0.0
SAMD15,0.0
PLEK2,0.0
CDKN3,0.0
PYGL,0.0
CHRNA4,0.0
TELO2,0.0
KCNK6,0.0
PALMD,0.0
RHBDD3,0.0
MIOX,0.0
XBP1,0.0
KDELR3,0.0
SLC5A4,0.0
TPTEP1,0.0
CDC7,0.0
SEPTIN3,0.0
PGC,0.0
CRISP3,0.0
NUBP2,0.0
IL11,0.0
BAMBI,0.0
CRTAC1,0.0
SORBS1,0.0
TDRD1,0.0
SUSD2,0.0
OSM,0.0
ACOT7,0.0
CENPM,0.0
TTC28,0.0
SOX10,0.0
EIF3L,0.0
GCAT,0.0
SEZ6L,0.0
SH3BP1,0.0
PLA2G3,0.0
GRK3,0.0
POLE2,0.0
FBXL19,0.0
CTSG,0.0
KCNK10,0.0
MLC1,0.0
IL2RB,0.0
PALM,0.0
RASSF7,0.0
HCN2,0.0
MISP,0.0
IGFALS,0.0
EFNA2,0.0
GZMB,0.0
PTMS,0.0
SIM2,0.0
CLDN14,0.0
CHAF1B,0.0
ACTC1,0.0
IGF2BP1,0.0
CCDC24,0.0
TMSB15A,0.0
RCAN1,0.0
PNCK,0.0
CSRP1,0.0
LAD1,0.0
DONSON,0.0
MIS18A,0.0
CACHD1,0.0
DMTN,0.0
B4GALT3,0.0
FGF17,0.0
EDA,0.0
HTR6,0.0
HOXB13,0.0
SLC37A1,0.0
RSPH1,0.0
TMPRSS3,0.0
TFF1,0.0
TFF2,0.0
TFF3,0.0
KALRN,0.0
NR2F6,0.0
CPAMD8,0.0
PLA2G4D,0.0
NPR2,0.0
CARMIL2,0.0
GDPD5,0.0
SPMIP8,0.0
DRC7,0.0
ISL2,0.0
TCHH,0.0
STARD9,0.0
CELF3,0.0
IRX6,0.0
FNDC5,0.0
TRIM63,0.0
SLC30A2,0.0
KRTCAP3,0.0
DPYSL5,0.0
PSMG3,0.0
ACAN,0.0
SNX22,0.0
DGKI,0.0
PALM2AKAP2,0.0
SLAMF8,0.0
FBXO43,0.0
PPP2R2B,0.0
SH3RF2,0.0
MX1,0.0
ETS2,0.0
ERG,0.0
KCNJ6,0.0
AFAP1L1,0.0
CCNB2,0.0
KIT,0.0
C2CD2,0.0
ALAS2,0.0
PFKFB1,0.0
CREB3L1,0.0
CPA2,0.0
DNAH3,0.0
CD1A,0.0
KCNB1,0.0
CATIP,0.0
RIBC1,0.0
H4C8,0.0
GRHL3,0.0
H2BC5,0.0
SHROOM4,0.0
RHBDL2,0.0
GPRASP2,0.0
MRAS,0.0
NRG1,0.0
SYN2,0.0
TIMP4,0.0
RHPN1,0.0
GALNT14,0.0
CDC25C,0.0
HS3ST6,0.0
SPSB3,0.0
MSLNL,0.0
CCDC78,0.0
WDR90,0.0
SNRNP25,0.0
POLR3K,0.0
IP6K3,0.0
SPC24,0.0
CBS,0.0
RACGAP1,0.0
FAM171A2,0.0
CD300LG,0.0
DCD,0.0
RUSC1,0.0
KLHL10,0.0
CYGB,0.0
FDXR,0.0
GRIN2C,0.0
IKZF3,0.0
TAMALIN,0.0
ALPL,0.0
DHRS3,0.0
DRAXIN,0.0
AKR7A3,0.0
KASH5,0.0
TMEM82,0.0
RBP7,0.0
AK4,0.0
KLHL21,0.0
TEDC2,0.0
BSND,0.0
SLC1A7,0.0
ELAVL4,0.0
TAL1,0.0
ITIH3,0.0
ZG16B,0.0
FLYWCH2,0.0
PAQR4,0.0
BICDL2,0.0
FOXH1,0.0
PLPP3,0.0
PAQR6,0.0
ENTREP3,0.0
GBA1LP,0.0
TPPP3,0.0
FLAD1,0.0
TLCD1,0.0
PLPP7,0.0
BRSK1,0.0
ZDHHC12,0.0
PGAP3,0.0
CFAP157,0.0
PIERCE1,0.0
SLC2A6,0.0
CACFD1,0.0
CLDND2,0.0
S100B,0.0
C21ORF58,0.0
VAV2,0.0
CLIC6,0.0
HSF2BP,0.0
TOR2A,0.0
LRRC56,0.0
COX7A1,0.0
NPHS1,0.0
YDJC,0.0
USP41P,0.0
SCGB3A1,0.0
LRWD1,0.0
PGLYRP2,0.0
ORAI2,0.0
FTCD,0.0
PTH1R,0.0
RECQL4,0.0
TONSL,0.0
LY6E,0.0
NACC1,0.0
CYP3A4,0.0
FGFR4,0.0
FCRL3,0.0
LRRC71,0.0
PPP1R35,0.0
MYL3,0.0
COL26A1,0.0
FAM81B,0.0
FRMD1,0.0
ADGRF4,0.0
SLC25A27,0.0
SCN3A,0.0
PLA2R1,0.0
PTPRR,0.0
ARL11,0.0
POU4F1,0.0
CACNA1D,0.0
GPATCH11,0.0
PTPN14,0.0
ASTN1,0.0
TUBA3E,0.0
CENPH,0.0
CPB1,0.0
ZIC1,0.0
JAKMIP1,0.0
UTRN,0.0
PRDM8,0.0
TMEM178A,0.0
ACMSD,0.0
BANK1,0.0
TEKT5,0.0
GPR15,0.0
CDH12,0.0
ROBO3,0.0
ROBO4,0.0
JPH3,0.0
CHST9,0.0
LPCAT1,0.0
CABYR,0.0
AK5,0.0
SEMA3D,0.0
HS3ST3A1,0.0
ANKRD22,0.0
CCNO,0.0
CAPSL,0.0
SPARCL1,0.0
CIBAR2,0.0
NMRAL1,0.0
ANKRD29,0.0
MZT2B,0.0
CCDC74B,0.0
AP1S3,0.0
KCNE4,0.0
SCHIP1,0.0
GLT1D1,0.0
DST,0.0
GFRA1,0.0
CCL28,0.0
SLC16A12,0.0
KCTD14,0.0
NPAS3,0.0
AKAP6,0.0
MAT1A,0.0
ABTB3,0.0
THRB,0.0
KCNA6,0.0
LINC02351,0.0
CISD3,0.0
SRD5A2,0.0
THRSP,0.0
CCDC175,0.0
SACS,0.0
GABRA2,0.0
TDO2,0.0
SLC25A4,0.0
ACSL1,0.0
CENPU,0.0
GRIA4,0.0
PLEKHH2,0.0
ZFP36L2,0.0
LHX1-DT,0.0
ZSCAN1,0.0
NMT2,0.0
SH2D6,0.0
PDE3B,0.0
SPC25,0.0
NEFL,0.0
PNMA8C,0.0
GPIHBP1,0.0
CEBPB-AS1,0.0
SRCIN1,0.0
CCDC50,0.0
KLF10,0.0
UNC93B2,0.0
CYP2U1,0.0
SFXN2,0.0
SORCS3,0.0
TSPAN7,0.0
CLDN8,0.0
CXCL13,0.0
ART3,0.0
CLGN,0.0
ALX3,0.0
ADAMTS3,0.0
BATF,0.0
UGT2B4,0.0
WIF1,0.0
NCAM2,0.0
CNTNAP3B,0.0
DIPK1A,0.0
C10ORF90,0.0
CLIC2,0.0
NDUFAF6,0.0
IL34,0.0
CFAP107,0.0
SUSD3,0.0
MMP14,0.0
LRP8,0.0
PSD3,0.0
MAGEA8,0.0
NAT2,0.0
MICU3,0.0
TMEM171,0.0
PTPRN2,0.0
LHFPL4,0.0
ZIC3,0.0
PHKG2,0.0
ATAD2,0.0
TBC1D31,0.0
MS4A1,0.0
RAB11FIP1,0.0
UBE2L6,0.0
NODAL,0.0
LRFN2,0.0
BUB1B,0.0
ADAMTS1,0.0
JAM2,0.0
PDE1C,0.0
CACNA2D1,0.0
LGI4,0.0
MCOLN2,0.0
PID1,0.0
KCNJ16,0.0
GPR26,0.0
RAB39B,0.0
GBP5,0.0
TRIM11,0.0
OBSCN,0.0
PGM5,0.0
ABCA5,0.0
ABCA10,0.0
ABCA6,0.0
ABCA9,0.0
GAL3ST2,0.0
BMP6,0.0
BUB3,0.0
RAET1L,0.0
FZD7,0.0
PDIA4,0.0
VSIG4,0.0
TTN,0.0
LRGUK,0.0
MAGEC1,0.0
PPM1J,0.0
GRAMD2B,0.0
CEP112,0.0
ADAMTS5,0.0
CYP4Z2P,0.0
ANGPT1,0.0
ABI3BP,0.0
EPHB1,0.0
EME1,0.0
APCDD1,0.0
SKA1,0.0
PLCL2,0.0
FGD5,0.0
WNT7A,0.0
PRKCA,0.0
CRABP1,0.0
WDR72,0.0
RIC3,0.0
SERPINB7,0.0
TMEM100,0.0
MYRFL,0.0
CYYR1,0.0
HPRT1,0.0
AK8,0.0
TTLL10,0.0
COMTD1,0.0
SOHLH1,0.0
VSTM4,0.0
AMER2,0.0
NGB,0.0
TMEM63C,0.0
GLB1L3,0.0
CMTM5,0.0
JAM3,0.0
TCP11L2,0.0
TMEM52B,0.0
DPCD,0.0
LRTM2,0.0
AVPR1A,0.0
SVOP,0.0
PCGF2,0.0
FGFR3P4,0.0
H2BC7,0.0
CCDC92B,0.0
H4C4,0.0
SPMIP5,0.0
SUNO1,0.0
H4C5,0.0
CCDC38,0.0
SERPINA12,0.0
IFI27,0.0
SMCO2,0.0
RAPSN,0.0
E2F7,0.0
ANKRD2,0.0
HSPA12A,0.0
H2AC8,0.0
SHOC1,0.0
CFAP47,0.0
PGAP4,0.0
FBP1,0.0
SVEP1,0.0
CPA6,0.0
EML5,0.0
DEPP1,0.0
PKNOX2,0.0
AMOTL1,0.0
SKA3,0.0
HEPACAM,0.0
FREM1,0.0
TP53INP1,0.0
DCAF13,0.0
COX6C,0.0
SLC7A13,0.0
CDK5,0.0
CA3,0.0
MICALL2,0.0
DDIAS,0.0
KCNC2,0.0
NELL1,0.0
GJB2,0.0
FOLR2,0.0
PHYHIPL,0.0
ZCCHC24,0.0
CFL2,0.0
LRFN5,0.0
INTS6L,0.0
SLC7A3,0.0
PTCHD1,0.0
OTUD1,0.0
BTNL9,0.0
ARHGEF40,0.0
RNASE7,0.0
NDRG2,0.0
RET,0.0
ZMYND19,0.0
CLDN3,0.0
STRBP,0.0
VEGFD,0.0
DEUP1,0.0
B4GALNT2,0.0
TEF,0.0
MS4A15,0.0
CCDC178,0.0
TMC4,0.0
GPD1,0.0
TUBA1C,0.0
RHEBL1,0.0
DHRS13,0.0
LARP6,0.0
CDT1,0.0
NIBAN3,0.0
LINC02348,0.0
ANKDD1A,0.0
NAV2,0.0
RBPMS2,0.0
PLIN1,0.0
LDHD,0.0
PCLAF,0.0
CD3D,0.0
CACNB3,0.0
KRT24,0.0
TK1,0.0
MGAT5B,0.0
EVPL,0.0
TMEM88,0.0
CA4,0.0
LPO,0.0
GNG8,0.0
PRRT2,0.0
ACAA2,0.0
TTC16,0.0
KLK2,0.0
KLK4,0.0
C19ORF48P,0.0
RILP,0.0
KIFC2,0.0
MFSD3,0.0
PLIN4,0.0
CHAF1A,0.0
PSCA,0.0
SAMD14,0.0
KRT1,0.0
PLK1,0.0
H2AC16,0.0
DDX20P1,0.0
TRBV18,0.0
HERC2P2,0.0
PCDHGB9P,0.0
LINC00540,0.0
CCL14,0.0
CNTNAP3P2,0.0
LOXHD1,0.0
YPEL4,0.0
ACSM1,0.0
HTR3A,0.0
MMP10,0.0
RRAD,0.0
IQCD,0.0
GALR1,0.0
SCN3B,0.0
CLMP,0.0
DNAAF8,0.0
LDHC,0.0
SNX20,0.0
NOD2,0.0
GPRC5B,0.0
PRR15L,0.0
ISLR2,0.0
SLC27A4,0.0
EEIG1,0.0
TMED3,0.0
TK2,0.0
A2ML1,0.0
ELFN2,0.0
CLEC3A,0.0
MFAP4,0.0
PKD1L2,0.0
CENPN,0.0
MS4A8,0.0
EPB42,0.0
MS4A14,0.0
NYAP1,0.0
C15ORF48,0.0
MTMR10,0.0
CLEC4D,0.0
SLC22A15,0.0
NAXE,0.0
EOGT,0.0
PRICKLE2,0.0
NKX6-1,0.0
LINC01116,0.0
INAVA,0.0
LENEP,0.0
ANTXR2,0.0
TMEM184A,0.0
CFAP141,0.0
FZD5,0.0
TDRD10,0.0
S100A9,0.0
PGLYRP4,0.0
IVL,0.0
S100A11,0.0
C1QTNF7,0.0
BNIPL,0.0
MSX1,0.0
GABRG1,0.0
SPTA1,0.0
SGO2,0.0
FCRL1,0.0
FBLN2,0.0
TRAT1,0.0
FCRL4,0.0
HDAC11,0.0
TGFBR2,0.0
LRRC2,0.0
CCKAR,0.0
CIP2A,0.0
CRYBA2,0.0
TMEM79,0.0
CCT3,0.0
TSACC,0.0
TRIM46,0.0
LMOD1,0.0
FSTL1,0.0
EIF4E3,0.0
IGFN1,0.0
CDCP1,0.0
C1ORF115,0.0
SPATA17,0.0
FLVCR1,0.0
KLHDC9,0.0
FCRLB,0.0
OLFML2B,0.0
DDR2,0.0
IGSF8,0.0
CFAP221,0.0
EOMES,0.0
TRIM58,0.0
CADM3,0.0
KCNT2,0.0
BRINP3,0.0
HFM1,0.0
NTNG1,0.0
LHX8,0.0
ADGRL4,0.0
DNAJB4,0.0
NEXN,0.0
CCNF,0.0
SGCB,0.0
EN1,0.0
TEKT4,0.0
CCDC74A,0.0
ACTG2,0.0
FBXO41,0.0
KCNJ3,0.0
KCNF1,0.0
CAPN13,0.0
RFTN2,0.0
KIF26B,0.0
FCAMR,0.0
PIGR,0.0
FCMR,0.0
IL24,0.0
TAFA4,0.0
SLC25A34,0.0
IL20,0.0
MAPKAPK2,0.0
PKDCC,0.0
PM20D1,0.0
MRPL55,0.0
GDF9,0.0
SHROOM1,0.0
ACSL6,0.0
ADGRF2P,0.0
TERT,0.0
EBF1,0.0
CARTPT,0.0
EGFLAM,0.0
CMYA5,0.0
AIM2,0.0
CSMD3,0.0
EN2,0.0
PHKG1,0.0
ANKRD33B,0.0
F2RL2,0.0
RNF180,0.0
HHIP,0.0
NPY1R,0.0
SMIM43,0.0
MAD2L1,0.0
GPR146,0.0
ARMC3,0.0
MELK,0.0
AQP7,0.0
ZNF367,0.0
CARD19,0.0
RAD21,0.0
C7ORF57,0.0
DLC1,0.0
SOX17,0.0
COL1A2,0.0
TXLNB,0.0
KCNK5,0.0
RELL2,0.0
BMPER,0.0
MAMDC2,0.0
TMEM71,0.0
ZMAT4,0.0
ABCA1,0.0
NIPSNAP3B,0.0
DACT2,0.0
SFXN1,0.0
SHH,0.0
KIF15,0.0
UCN,0.0
TM4SF18,0.0
CCDC158,0.0
PCOLCE2,0.0
PRRT3,0.0
CFAP20DC,0.0
DNASE1L3,0.0
ABHD6,0.0
SCRG1,0.0
TIPARP,0.0
ADAMTS9,0.0
POC1A,0.0
MST1R,0.0
CAMKV,0.0
SPRY1,0.0
CADPS,0.0
ICOS,0.0
CTLA4,0.0
PPM1L,0.0
PTX3,0.0
SAP30,0.0
HMGB2,0.0
ETNPPL,0.0
PTTG1,0.0
HCN1,0.0
TBX20,0.0
PI16,0.0
FBXW12,0.0
CAMP,0.0
CDC25A,0.0
SCGB3A2,0.0
H2AZ1,0.0
CLDN19,0.0
RPL39L,0.0
RFC4,0.0
CAMK2N2,0.0
KLF15,0.0
POLR2H,0.0
ENPP6,0.0
CDC20B,0.0
ESM1,0.0
EMCN,0.0
TMEM63B,0.0
IGFBPL1,0.0
ARHGEF39,0.0
CD72,0.0
PAQR5,0.0
KNL1,0.0
KIF23,0.0
UNC13C,0.0
MMP13,0.0
NLRP3P1,0.0
ENPP2,0.0
GABBR2,0.0
WDR38,0.0
DPM2,0.0
KIF12,0.0
TLR4,0.0
ANGPTL2,0.0
STXBP1,0.0
DAB2IP,0.0
TMOD1,0.0
DSCC1,0.0
ARHGAP20,0.0
PPP2R1B,0.0
TRIM29,0.0
YAP1,0.0
TRPC6,0.0
TMPRSS4,0.0
NXPE4,0.0
SULF1,0.0
GGH,0.0
CAPN11,0.0
KIF11,0.0
CH25H,0.0
LOXL4,0.0
CENPO,0.0
SIX3,0.0
TCF19,0.0
HMGA1,0.0
UQCC2,0.0
GCM1,0.0
KIAA0319,0.0
CEP55,0.0
RCBTB2,0.0
EDNRB,0.0
SPRY2,0.0
THSD1,0.0
TBC1D4,0.0
CKAP2,0.0
PCDH8,0.0
CKAP4,0.0
USP44,0.0
TTPA,0.0
DNAJC1,0.0
GYPC,0.0
BIN1,0.0
SLC19A3,0.0
PAX3,0.0
LAMC1,0.0
KIAA1614,0.0
RGS8,0.0
CAPN9,0.0
KCNK1,0.0
KLF4,0.0
MGARP,0.0
FHDC1,0.0
FGFBP2,0.0
IL36RN,0.0
GATA4,0.0
BLK,0.0
SCN7A,0.0
GALNT5,0.0
ERMN,0.0
SCN2A,0.0
IGF2BP3,0.0
LIMD2,0.0
CHAD,0.0
ALPK3,0.0
ABHD17C,0.0
DMRT1,0.0
IL11RA,0.0
IL33,0.0
CCN3,0.0
DGKB,0.0
IL6,0.0
BRIP1,0.0
BCL2A1,0.0
TLE3,0.0
GCNT3,0.0
LRIG3,0.0
COL2A1,0.0
CD27,0.0
SLCO1C1,0.0
PLCZ1,0.0
PIK3C2G,0.0
FXYD2,0.0
CPNE8,0.0
GABARAPL1,0.0
ERP27,0.0
SSTR1,0.0
GRTP1,0.0
ZIC5,0.0
MBNL2,0.0
DIAPH3,0.0
RHOF,0.0
CENPE,0.0
FGD4,0.0
MDGA2,0.0
REM2,0.0
CDH11,0.0
NUDT7,0.0
ADAMTS18,0.0
ABCC12,0.0
MYLK3,0.0
SLC5A2,0.0
MORN3,0.0
ARRDC4,0.0
ESYT1,0.0
GALNT6,0.0
BRCA2,0.0
N4BP2L1,0.0
GPR84,0.0
ACVRL1,0.0
RDH16,0.0
FOXN4,0.0
CYP11A1,0.0
PIF1,0.0
LPAR6,0.0
FBN2,0.0
EGF,0.0
HADH,0.0
LEF1,0.0
LHCGR,0.0
CGREF1,0.0
SELENOI,0.0
IFI44,0.0
GIPC2,0.0
ANXA3,0.0
GCOM1,0.0
SEMA6D,0.0
STRA6,0.0
ITPKA,0.0
FGF5,0.0
NDST4,0.0
PCDH10,0.0
FAM13A,0.0
ARHGAP24,0.0
SEMA7A,0.0
BRDT,0.0
CDKL2,0.0
CXCL9,0.0
PRDM5,0.0
MMRN1,0.0
IL21,0.0
GPAT3,0.0
FAM222A,0.0
SDSL,0.0
GAS2L3,0.0
ASCL1,0.0
B4GALNT3,0.0
PTPRQ,0.0
HCN4,0.0
PARP9,0.0
MSTN,0.0
BARD1,0.0
AOX1,0.0
MYPN,0.0
DNA2,0.0
ADAMTS14,0.0
RBP4,0.0
DUSP6,0.0
ATP1A4,0.0
RHBG,0.0
PCNA,0.0
SNAP25,0.0
HSPA12B,0.0
MATN2,0.0
SLC52A1,0.0
CLEC10A,0.0
JCHAIN,0.0
ZNF670-ZNF695,0.0
SEC61G,0.0
IDO1,0.0
PRR7,0.0
CARD6,0.0
RAMP1,0.0
EMILIN2,0.0
HSD17B7,0.0
FCRLA,0.0
NUP210,0.0
PPARG,0.0
DDC,0.0
SERPINF1,0.0
LGALS12,0.0
HSPBP1,0.0
KMT5C,0.0
EPHB2,0.0
SLC39A11,0.0
BEX1,0.0
KL,0.0
POSTN,0.0
RAB25,0.0
LGR6,0.0
MYBPH,0.0
PEMT,0.0
MYH8,0.0
WASF3,0.0
TEX15,0.0
STARD3,0.0
DMGDH,0.0
VSTM2L,0.0
TESMIN,0.0
EPSTI1,0.0
PAK4,0.0
F12,0.0
GINS2,0.0
TEX101,0.0
ZNF428,0.0
PYY,0.0
GFAP,0.0
C1QL1,0.0
EDA2R,0.0
SLC6A11,0.0
TTLL9,0.0
EPS8L1,0.0
SYNE1,0.0
AKAP12,0.0
ULBP2,0.0
EPO,0.0
LSM7,0.0
HABP4,0.0
SLC7A10,0.0
PLXNA3,0.0
ACSS2,0.0
RTBDN,0.0
FAAP24,0.0
C19ORF12,0.0
LIN28A,0.0
RARA,0.0
RGN,0.0
FBP2,0.0
TOP2A,0.0
TNS4,0.0
CKMT2,0.0
MNX1,0.0
BARX1,0.0
THOC6,0.0
KREMEN2,0.0
C1ORF159,0.0
AOC2,0.0
AOC3,0.0
TUBG1,0.0
PDLIM4,0.0
GALNT15,0.0
RAB11FIP4,0.0
MAP1B,0.0
EDAR,0.0
TMBIM1,0.0
DTX1,0.0
BICDL1,0.0
RNFT2,0.0
OASL,0.0
MSI1,0.0
SDS,0.0
ADAM19,0.0
SAA2,0.0
GOLM1,0.0
ANXA1,0.0
NREP,0.0
KLB,0.0
ACRV1,0.0
PKIB,0.0
ESPL1,0.0
FAIM2,0.0
C5AR2,0.0
FADS2,0.0
ENTREP1,0.0
AGT,0.0
CPM,0.0
EMX1,0.0
EGR4,0.0
STX11,0.0
TTYH3,0.0
MYO1G,0.0
NACAD,0.0
B4GALNT1,0.0
TROAP,0.0
ARHGEF4,0.0
RDH5,0.0
ITGA7,0.0
LACRT,0.0
ELF5,0.0
LMO2,0.0
CGA,0.0
LCA5,0.0
NT5E,0.0
ADGRB3,0.0
MDFIC,0.0
PPP1R1A,0.0
CNTN6,0.0
CCNB1,0.0
CTIF,0.0
ADAMDEC1,0.0
ADAMTS8,0.0
PDGFRA,0.0
RRAS2,0.0
MICAL2,0.0
LYVE1,0.0
FHOD3,0.0
TMTC1,0.0
DYDC2,0.0
GIMAP6,0.0
SEC14L4,0.0
GGT2P,0.0
MYO18B,0.0
PDZD2,0.0
MYH11,0.0
PLAAT2,0.0
PLAAT4,0.0
E2F5,0.0
DSC1,0.0
CDCA8,0.0
SPOCD1,0.0
PIWIL4,0.0
PRH2,0.0
SPX,0.0
SOX5,0.0
EMP1,0.0
ECHDC3,0.0
TIMM17A,0.0
CHL1,0.0
GARIN1B,0.0
CD36,0.0
CMPK2,0.0
LPIN1,0.0
MYCN,0.0
RSAD2,0.0
PSRC1,0.0
VAV3,0.0
GSTM5,0.0
MEIS2,0.0
ANO3,0.0
ST18,0.0
PXDNL,0.0
CHRNA6,0.0
MAGEA4,0.0
FATE1,0.0
GPC3,0.0
DOCK11,0.0
FRMPD3,0.0
TTBK1,0.0
PELI2,0.0
SCUBE3,0.0
MLIP,0.0
CHST7,0.0
DIPK2B,0.0
SYTL5,0.0
TMEM47,0.0
DENND2A,0.0
RAB19,0.0
SHROOM2,0.0
NLGN4X,0.0
ANO7,0.0
PLPPR1,0.0
NTRK2,0.0
CDKN2A,0.0
NFIB,0.0
SLC39A4,0.0
ARHGAP39,0.0
FAM135B,0.0
GSDMC,0.0
FAM83A,0.0
TACC1,0.0
DPYS,0.0
ATP6V0D2,0.0
PMP2,0.0
TRIM50,0.0
PSPH,0.0
CDCA5,0.0
ADHFE1,0.0
DNAJC5B,0.0
GINS4,0.0
PLPP5,0.0
MAL2,0.0
SLC10A6,0.0
DAAM2,0.0
DCDC2,0.0
KLHL3,0.0
LRRTM2,0.0
PSD2,0.0
GFOD1,0.0
TBC1D7,0.0
MYLK4,0.0
NCAPG2,0.0
TENM2,0.0
CPLX2,0.0
N4BP3,0.0
MED12L,0.0
BOC,0.0
TAGLN3,0.0
PHLDB2,0.0
COL8A1,0.0
IL17RD,0.0
LIX1,0.0
KCNMB1,0.0
STRA8,0.0
ZAN,0.0
ASB15,0.0
SLC25A48,0.0
ARHGAP26,0.0
ADAMTS19,0.0
TSLP,0.0
EGFR,0.0
CREB5,0.0
SLC22A3,0.0
SNCA,0.0
VIP,0.0
PNLDC1,0.0
SLC2A12,0.0
MTFR2,0.0
ABRACL,0.0
RSPO3,0.0
CYP39A1,0.0
NFKBIE,0.0
ANK2,0.0
DDIT4L,0.0
ARMT1,0.0
FRMPD2B,0.0
MKX,0.0
CLEC1A,0.0
CNTN5,0.0
CNKSR2,0.0
MMP3,0.0
HMGA2,0.0
DOC2A,0.0
TLCD3B,0.0
UGCG,0.0
GPR158,0.0
ENKUR,0.0
SLC7A11,0.0
CRIM1,0.0
CABLES2,0.0
DSN1,0.0
C20ORF144,0.0
DUSP15,0.0
JPH2,0.0
TAGLN,0.0
LYZL2,0.0
PSMB3,0.0
H3C7,0.0
CHD9NB,0.0
PGM5P3-AS1,0.0
FOXO1,0.0
CIMIP5,0.0
IL18,0.0
DIXDC1,0.0
PPP1R1C,0.0
PRSS23,0.0
FCGR1A,0.0
DLG2,0.0
FSIP1,0.0
FLI1,0.0
INPP1,0.0
ADAM8,0.0
AKR1C2,0.0
NR3C2,0.0
EPS8,0.0
CCDC3,0.0
ARID5B,0.0
CCDC83,0.0
ADM,0.0
ALDOA,0.0
ADAM12,0.0
INA,0.0
MKI67,0.0
TCF7L2,0.0
EIF4EBP2,0.0
ADD3,0.0
ANKRD1,0.0
ESAM,0.0
ZEB1,0.0
TMEM236,0.0
CACNA1B,0.0
HMCN2,0.0
LCN2,0.0
SLC25A25,0.0
GSN,0.0
ST14,0.0
DIAPH2,0.0
IL2RG,0.0
FAM13C,0.0
FEZ1,0.0
CHEK1,0.0
PLCH2,0.0
ADAM33,0.0
LYPD1,0.0
FAM124A,0.0
ADGRL3,0.0
CDH8,0.0
GRIK4,0.0
P4HA3,0.0
GAS2,0.0
NCAM1,0.0
ZC3H12C,0.0
PAK1,0.0
KLHL35,0.0
CCDC82,0.0
SERPING1,0.0
GLYAT,0.0
PAMR1,0.0
SAA4,0.0
SLC5A12,0.0
DRD2,0.0
DMRTC2,0.0
CIB3,0.0
SAMD1,0.0
PFDN2,0.0
NECTIN4,0.0
DPT,0.0
ILDR2,0.0
MAEL,0.0
SYPL2,0.0
CRHBP,0.0
PMAIP1,0.0
CBLN2,0.0
CBX4,0.0
RNF157,0.0
SECTM1,0.0
CBX8,0.0
ANAPC11,0.0
SLC16A3,0.0
PADI3,0.0
PRDM16,0.0
P3H4,0.0
KIF2C,0.0
TINAGL1,0.0
CCN1,0.0
PLK4,0.0
DMRTA2,0.0
EPHA2,0.0
PADI1,0.0
PAGR1,0.0
LINC01943,0.0
TRPM2,0.0
IGHV1-69D,0.0
PLAC4,0.0
LINC01667,0.0
LINC02912,0.0
MAPT-IT1,0.0
NLRP12,0.0
CBLC,0.0
LMTK3,0.0
IL19,0.0
DOP1B,0.0
SH3PXD2A-AS1,0.0
TICRR,0.0
FANCI,0.0
RLBP1,0.0
RHCG,0.0
CCDC33,0.0
PCSK6,0.0
CYP1A1,0.0
GREB1L,0.0
ASXL3,0.0
CFAP74,0.0
GNAL,0.0
PRELID3A,0.0
PTRH2,0.0
FGF7,0.0
SLC27A2,0.0
SORD,0.0
FBLN5,0.0
SLC24A4,0.0
ESR2,0.0
RDH12,0.0
SLC39A6,0.0
MMEL1,0.0
RCN3,0.0
GARIN5A,0.0
FBN3,0.0
ABCA8,0.0
SCRN2,0.0
LRRC46,0.0
SKAP1,0.0
SPATA22,0.0
UNC45B,0.0
NTRK3,0.0
ADAD2,0.0
CDH13,0.0
FKBP10,0.0
STAC2,0.0
PNMT,0.0
MIEN1,0.0
GRB7,0.0
ERBB2,0.0
SEPTIN12,0.0
ST8SIA2,0.0
RPL3L,0.0
TRPC1,0.0
ALDH1L1,0.0
DQX1,0.0
SFXN5,0.0
ANKRD53,0.0
ABCG8,0.0
OSR1,0.0
PTPN7,0.0
ETNK2,0.0
ECM1,0.0
CSRNP1,0.0
RBMS3,0.0
GRIP2,0.0
FANCD2,0.0
CPNE9,0.0
HES6,0.0
TRPM8,0.0
ACKR3,0.0
SLC39A1,0.0
S100A7,0.0
ITGA9,0.0
HAPLN1,0.0
PIK3R1,0.0
GZMA,0.0
CDH18,0.0
NKD2,0.0
ROPN1L,0.0
USP53,0.0
CCNA2,0.0
ABCA12,0.0
UNC80,0.0
MANF,0.0
GULP1,0.0
DLX1,0.0
CDCA7,0.0
SLC10A4,0.0
OCIAD2,0.0
CORIN,0.0
VWA5B2,0.0
SLIT2,0.0
ILDR1,0.0
STXBP5L,0.0
CCDC150,0.0
ARF1,0.0
NVL,0.0
SCCPDH,0.0
ACTA1,0.0
EFNA3,0.0
CREB3L4,0.0
H3C10,0.0
RN7SL3,0.0
NKILA,0.0
S100A8,0.0
MYO19,0.0
LINC01971,0.0
RDM1,0.0
DTL,0.0
KCNH1,0.0
HORMAD1,0.0
CERS2,0.0
ANXA9,0.0
ADAMTSL4,0.0
TARS2,0.0
H2AC17,0.0
JTB,0.0
HHIPL2,0.0
SUSD4,0.0
INTS7,0.0
TMEFF2,0.0
SLC4A10,0.0
SCN1A,0.0
GPR17,0.0
THSD7B,0.0
CNGA3,0.0
C1ORF35,0.0
NT5DC4,0.0
ST6GAL2,0.0
LHX9,0.0
RGL1,0.0
HDGF,0.0
CRABP2,0.0
CASQ1,0.0
MRPL24,0.0
PARP1,0.0
MBOAT2,0.0
SLC20A1,0.0
RGS2,-0.0003954947634972339
ATF3,-0.000504452347655835
PRRT4,-0.0005455961222466347
SCN2B,-0.000957156364033793
IGSF10,-0.001134591191412692
CBARP-DT,-0.0014646945348748067
ZNF300P1,-0.0014886136800857236
TMSB10P1,-0.001523048796521518
SHC3,-0.001705875544971841
PPP1R15A,-0.0017137161775172029
HOXD4,-0.001762026508176339
MYOCD,-0.0020418497231376176
ME1,-0.002154656525445881
NCAM1-AS1,-0.002288193961397992
TRIM52-AS1,-0.003228385210478908
CHRNA2,-0.003232858415721483
ANKK1,-0.0038259691203873375
PMEL,-0.00440755089194092
TMEM255A,-0.004433935071786844
SLC29A4,-0.004711610713592048
LINC02233,-0.005173513436224341
ALDH1A1,-0.005201202375711665
TPO,-0.005329067589036205
RGCC,-0.005417521208202991
RXRG,-0.0057123262130618965
LINC02391,-0.005824587517518539
HERC2P9,-0.006072447854078463
ITGA2-AS1,-0.006144287097514064
PER2,-0.006187236635041657
FUCA1P1,-0.006648505994075887
STAB2,-0.007169510743614935
PGM5-AS1,-0.007263287776629008
CASP12,-0.007324628884759964
SMAD3-DT,-0.00779988133804781
FGF1,-0.008055631854012665
CDH22,-0.008790421834256764
CCDC144A,-0.009000586745846549
OLFML1,-0.009858331161505243
ECSCR,-0.01062211554641966
KRT8P3,-0.010721804555887112
CLTCL1,-0.011607518001819698
KCNA1,-0.011741222140141741
PCSK9,-0.011854215851422566
C14ORF180,-0.012385770400247935
CLRN3,-0.012497353635581486
AQP7P1,-0.012588416318809201
RUNDC3B,-0.012674501903794344
SPATA9,-0.012735379310237882
EBP,-0.014301875813195069
PGM5P4,-0.014855137902436585
FAM106C,-0.015211117138122556
ART5,-0.015967779949444018
KRT8P32,-0.01598143632367118
DSCR9,-0.016055386698588147
LINC02511,-0.01638785849809497
TPM3P5,-0.016476082784756933
ABCB5,-0.01663544544109061
DMRT2,-0.016669485906754863
SACS-AS1,-0.017472052315269385
PECR,-0.018300488725016696
LINC01485,-0.019574411828131626
LINC01894,-0.020335156176685257
KCNE1,-0.02048833996114105
IGHM,-0.020557152728565026
GPAM,-0.02181332274528411
CXCL3,-0.021874011682306828
HADHAP2,-0.022088758245752002
PDLIM3,-0.02270405462423062
LINC03022,-0.022926627983493264
TBX10,-0.02317895091068428
AIFM2,-0.02372171704694967
IGFBP1,-0.024188640291669
ZNF24TR,-0.024350840874765238
IGKV2-29,-0.024361352865618805
MMD,-0.024400312020870268
RPSAP52,-0.024607364109980767
SSBL4P,-0.024694212578406267
DKK3,-0.024881997561797833
IGLV3-25,-0.025494922092183694
SDK1-AS1,-0.027129743811770822
TMC2,-0.027286570761131793
IGFBP6,-0.0285774258555333
JUN,-0.02864373240648759
SERTM1,-0.028737443876123335
ADRA2A,-0.02933046461055597
ANKRD20A7P,-0.02962485112050827
GPR182,-0.02965062533507902
PRDM16-DT,-0.029853712951181503
POTEJ,-0.029873025528202507
VLDLR,-0.029892975691123605
OXTR,-0.030110967868549436
ETV3L,-0.031039100972950737
LINC02541,-0.031105754736274943
HBB,-0.031348868522020706
KCNJ12,-0.03148437684661539
RIMS1,-0.031490160480572425
GDA,-0.03213526510557277
PYROXD2,-0.032448944571267714
LMX1A,-0.03381754713490086
NETO1,-0.033850758035002426
OR8T1P,-0.03449179657018364
PKHD1L1,-0.03528910228343803
LINC02880,-0.03583888697890265
HPD,-0.036002633965353095
TRGC1,-0.03614826426613174
OR2L13,-0.03615489819898955
HSD11B1-AS1,-0.036488323901057926
VAT1L,-0.037598441353155654
WASIR2,-0.039133567759760575
USP32P1,-0.03970070414375794
LINC02712,-0.04014306021513237
SERPINA6,-0.04039289837897429
FAM3D,-0.0415349798975532
POU3F3,-0.04189281589307976
C6ORF58,-0.04202412431125986
SCTR,-0.04297232238452271
KCNIP2-AS1,-0.04351867137665367
RFPL2,-0.0452285432099362
HHATL,-0.04535037830271074
SLCO1A2,-0.04635374212618624
BHMT2,-0.04670457820625345
CCL21,-0.0468713190166574
CLEC4GP1,-0.047283253857651
CCBE1,-0.048300733534268926
MMP27,-0.049197608097607995
PDCD6-DT,-0.04944114850573478
AADAC,-0.04988389102013763
SPHKAP,-0.05356979987979604
ADGRG3,-0.054089893854053356
MUC7,-0.054561747213729486
HMGA1P8,-0.05456807262162836
RSPO1,-0.05578396767869733
CDH13-AS2,-0.05610286108632017
MTARC1,-0.0565364475104042
UGT2B28,-0.056963209839745385
GAPDHP35,-0.05722928494119581
MSL3-DT,-0.05756996754445011
GLRA4,-0.05796030535157567
DMBT1,-0.05801368318461105
HBA1,-0.05951238483141133
ACSM3,-0.06160320415435429
SLC14A2,-0.06290608242293035
APOC1,-0.06298485756763254
LINC01093,-0.06399192650697831
MYOM3,-0.06540700079326435
CAMK1,-0.065412653122881
GJB6,-0.065451831564597
LINC01198,-0.06546607810956817
LINC02201,-0.06627178044355293
VWCE,-0.06666101446205207
CES1,-0.0678245981536845
DEFB132,-0.06801627620628417
GLRA3,-0.06966936302925188
CLEC3B,-0.07106641314862644
GOLGA8M,-0.07148953570241277
RPL23AP32,-0.07345701199020957
POTEF,-0.0740383207287043
CABP1,-0.07457005026376896
IFITM5,-0.07505599788559764
RPS23P1,-0.07787965517725562
TMEM210,-0.07814383768196181
MARCO,-0.07996204471151573
CES1P1,-0.08105258407076617
EEPD1,-0.08326525948528131
CCDC141,-0.08365980256538957
MARCHF4,-0.08495981390540812
NMNAT2,-0.08527357252204557
SCDP1,-0.08796393155513471
ACKR4,-0.08848739631372428
P2RX6,-0.09174110215266501
MTATP8P1,-0.09296145899170567
IGLV3-27,-0.0946959644799128
LINC00445,-0.09499157886207522
LSMEM2,-0.09793949300909768
KLRF1,-0.099601325680835
ITIH2,-0.100009686133697
KRT8P36,-0.10182894484082029
OXGR1,-0.10308010418623703
SCD,-0.10498513010864968
LINC01484,-0.10867653418616961
TRDN,-0.1109062267467055
KRT8P10,-0.11092675910909662
SEC1P,-0.11794354653526744
CRB2,-0.13140545680506105
PTPRM,-0.1355318215556651
DKK4,-0.14483140451255477
KCNJ2,-0.14599119491222812
SEL1L2,-0.15665780561487178
SFTPB,-0.17133247467601098
PAK3,-0.17200812687163433
KLHL4,-0.17233804065174466
SNAP25-AS1,-0.1744971133159248
DCN,-0.18776961937029815
OLFML2A,-0.19469454134118996
SMIM35,-0.23656997398410584
MGAT4C,-0.24676080192664465
POU2AF2,-0.25127202690167727
C11ORF87,-0.2540988822578185
APCDD1L-DT,-0.26038327172118647
MFAP5,-0.3672433836968736
